,model_id,var_names,sage_value_unadjusted,sage_sd,perf_metric
0,100,age,-0.0038570221108707573,0.001179613069117812,1.0433752453715834
1,100,race,0.0005874602740128927,0.0005864169419540631,1.0433752453715834
2,100,prior,0.018901767638018603,0.0012294230582228975,1.0433752453715834
3,100,gender,0.0007357536708224175,0.00020754385847372958,1.0433752453715834
4,100,juvenilecrime,-0.0020151083349513993,5.0471767033172795e-05,1.0433752453715834
5,100,currentcharge,-0.005918917126808646,0.0004201429738518971,1.0433752453715834
