,model_id,var_names,sage_value_unadjusted,sage_sd,perf_metric
0,23,age,0.001853077267700643,0.0005318984553678701,1.0350861364012567
1,23,race,-0.0006377907860469984,0.0006040462234300657,1.0350861364012567
2,23,prior,0.01694060924483412,0.0013315235344109463,1.0350861364012567
3,23,gender,-0.005968021146684404,0.0005119814663866883,1.0350861364012567
4,23,juvenilecrime,0.020772460820245354,0.0011373411710120821,1.0350861364012567
5,23,currentcharge,-0.0021438569359984176,0.00028839078324929856,1.0350861364012567
