,model_id,var_names,sage_value_unadjusted,sage_sd,perf_metric
0,54,age,0.004081001639601007,0.0004655750396576505,1.0164210529111886
1,54,race,0.0001277276019405795,1.510185594521155e-05,1.0164210529111886
2,54,prior,0.017943702630906506,0.0010674338511590718,1.0164210529111886
3,54,gender,-0.0034759983278445194,0.0008922493563366773,1.0164210529111886
4,54,juvenilecrime,0.013565150909564104,0.0005350241255018135,1.0164210529111886
5,54,currentcharge,0.0004728654696342149,0.0002940842343934633,1.0164210529111886
