,model_id,var_names,sage_value_unadjusted,sage_sd,perf_metric
0,217,age,0.003291863202282937,0.0006364341138540489,1.0044912255003047
1,217,race,-0.004207086533607706,0.001093075371926584,1.0044912255003047
2,217,prior,0.01591140397752615,0.0010086701495040107,1.0044912255003047
3,217,gender,-0.0003564893914204115,0.0006017719389942016,1.0044912255003047
4,217,juvenilecrime,0.017809904181004775,0.0008622439852390499,1.0044912255003047
5,217,currentcharge,-0.0002813174229067964,0.00036643664870751087,1.0044912255003047
