,model_id,var_names,sage_value_unadjusted,sage_sd,perf_metric
0,48,age,0.002233626042316491,0.000948840272008891,1.0179543972900993
1,48,race,0.001445654844680261,0.0005049508525382154,1.0179543972900993
2,48,prior,0.019228422562078122,0.0011628000460680583,1.0179543972900993
3,48,gender,0.0002473644316235746,0.000534269480278049,1.0179543972900993
4,48,juvenilecrime,0.01873092432536036,0.001121159746533188,1.0179543972900993
5,48,currentcharge,-0.004570660909364241,0.0005761404468012523,1.0179543972900993
