,model_id,var_names,sage_value_unadjusted,sage_sd,perf_metric
0,235,age,0.00010035145362954494,0.0007851737530680863,1.0088484526753874
1,235,race,0.0006956638185663282,0.0004319113090588668,1.0088484526753874
2,235,prior,0.01322623590563195,0.0005287758010050675,1.0088484526753874
3,235,gender,-0.0008673607596446396,0.0004494817401857017,1.0088484526753874
4,235,juvenilecrime,0.014465807913980184,0.00045749787707275287,1.0088484526753874
5,235,currentcharge,-0.0012601504535058791,0.0003072536026856872,1.0088484526753874
