,model_id,var_names,sage_value_unadjusted,sage_sd,perf_metric
0,216,age,0.002391765109450159,0.0003712577340442579,1.0121328795057376
1,216,race,0.00019310490478269152,2.2377564489682783e-05,1.0121328795057376
2,216,prior,0.015459393671840542,0.0010847870478129197,1.0121328795057376
3,216,gender,-0.0014685547155733685,0.0005441397508063823,1.0121328795057376
4,216,juvenilecrime,0.020267652760434275,0.0008829616670378445,1.0121328795057376
5,216,currentcharge,-0.0010377618337021096,0.0003479430246786614,1.0121328795057376
