,model_id,var_names,sage_value_unadjusted,sage_sd,perf_metric
0,58,age,0.0011256112680163085,0.0007686181269087712,1.0318507186800299
1,58,race,-0.012477285230634082,0.001616041555038616,1.0318507186800299
2,58,prior,0.01250430101956369,0.0010065411963873295,1.0318507186800299
3,58,gender,0.0002859159125481689,0.00029155798549875065,1.0318507186800299
4,58,juvenilecrime,0.02025364874607747,0.0014665098554740488,1.0318507186800299
5,58,currentcharge,-0.0010109872580224496,0.00042400989171005924,1.0318507186800299
