,model_id,var_names,sage_value_unadjusted,sage_sd,perf_metric
0,199,age,0.0029178024569381142,0.00037440442080371767,1.0217696524450746
1,199,race,0.001898886317284687,0.0006339125255025894,1.0217696524450746
2,199,prior,0.014931165878559456,0.0014089257637950729,1.0217696524450746
3,199,gender,-0.018084687929141984,0.0016459063041081232,1.0217696524450746
4,199,juvenilecrime,0.01431114051780606,0.0006468144842580739,1.0217696524450746
5,199,currentcharge,-0.0010215128636857588,0.00044304149498188797,1.0217696524450746
