,model_id,var_names,sage_value_unadjusted,sage_sd,perf_metric
0,46,age,0.0025658557064287117,0.00021020048850706218,1.0307769294872706
1,46,race,-0.011153612601407934,0.0011206526836183212,1.0307769294872706
2,46,prior,0.0114878244113606,0.0010742710866316495,1.0307769294872706
3,46,gender,-0.004908336797594759,0.0006585052323008175,1.0307769294872706
4,46,juvenilecrime,0.009157396065881484,0.000317298745200091,1.0307769294872706
5,46,currentcharge,-0.0025768845490775657,0.0004695210926990398,1.0307769294872706
