,model_id,var_names,sage_value_unadjusted,sage_sd,perf_metric
0,209,age,0.001121707823466851,0.0008332238194971222,1.037254906720107
1,209,race,-0.020190058520407825,0.0019303531890162446,1.037254906720107
2,209,prior,0.012522517311867952,0.0011249876927518945,1.037254906720107
3,209,gender,-0.00031975381712913826,0.0003148684328264813,1.037254906720107
4,209,juvenilecrime,0.018762613914414486,0.001700405932556565,1.037254906720107
5,209,currentcharge,-0.0017710797634568796,0.00048612935447560666,1.037254906720107
