,model_id,var_names,sage_value_unadjusted,sage_sd,perf_metric
0,81,age,0.0027152223771486233,0.0007982427441480096,1.0110593796273968
1,81,race,0.0020878541293966124,0.0004894251134931082,1.0110593796273968
2,81,prior,0.018117539308485888,0.001057348231785124,1.0110593796273968
3,81,gender,0.0012783476325054657,0.0004689837699906172,1.0110593796273968
4,81,juvenilecrime,0.01958457959262858,0.0009393671233849917,1.0110593796273968
5,81,currentcharge,-0.0016780032093849974,0.000304101048648067,1.0110593796273968
