,model_id,var_names,sage_value_unadjusted,sage_sd,perf_metric
0,108,age,0.0026133274077812124,0.00023439698700069596,1.0324829764452956
1,108,race,-0.014521032866967098,0.001296681022754329,1.0324829764452956
2,108,prior,0.011559238534939478,0.0012327643211921834,1.0324829764452956
3,108,gender,-0.005424186096414262,0.0007648178203518958,1.0324829764452956
4,108,juvenilecrime,0.008882643115265472,0.0003518504839654424,1.0324829764452956
5,108,currentcharge,-0.0028381215893907713,0.0005400753985864138,1.0324829764452956
