,model_id,var_names,sage_value_unadjusted,sage_sd,perf_metric
0,149,age,0.000489578821164431,0.0007361037083274428,1.0100604529893638
1,149,race,-0.004047380591143346,0.0011185581000069716,1.0100604529893638
2,149,prior,0.014218459409059449,0.000842070036443052,1.0100604529893638
3,149,gender,-4.655179610667838e-05,0.00029441713936142593,1.0100604529893638
4,149,juvenilecrime,0.01932484113920137,0.0011782108427338936,1.0100604529893638
5,149,currentcharge,-0.0042538775451433745,0.0008434543471281529,1.0100604529893638
