,model_id,var_names,sage_value_unadjusted,sage_sd,perf_metric
0,106,age,0.002491728628974081,0.0005590615862042968,1.001228470865613
1,106,race,0.001021666387093775,0.0004849167668669641,1.001228470865613
2,106,prior,0.017298883637958597,0.0009817565866733547,1.001228470865613
3,106,gender,-0.00033518295606461913,0.00038646749812985847,1.001228470865613
4,106,juvenilecrime,0.0162425581296287,0.0005830806449720336,1.001228470865613
5,106,currentcharge,-0.00237718365810805,0.0004499972264945345,1.001228470865613
