,model_id,var_names,sage_value_unadjusted,sage_sd,perf_metric
0,75,age,0.0022523499277695455,0.000610333784666849,1.0028498706604805
1,75,race,0.00012709282117702903,0.00045055674559267724,1.0028498706604805
2,75,prior,0.01749331077251059,0.0008781623420718682,1.0028498706604805
3,75,gender,-0.00012642465033332596,0.00028128297741201384,1.0028498706604805
4,75,juvenilecrime,0.013742976679972837,0.0003979261131055999,1.0028498706604805
5,75,currentcharge,8.93116275691682e-05,8.794348020764881e-05,1.0028498706604805
