,model_id,var_names,sage_value_unadjusted,sage_sd,perf_metric
0,67,age,0.0029913098102044362,0.00043009324948895076,1.0011223718008766
1,67,race,-0.0008445260037121506,0.0005517025184135707,1.0011223718008766
2,67,prior,0.014359934427773146,0.0008608849906176422,1.0011223718008766
3,67,gender,-0.0006537329564158642,0.00037753065533453035,1.0011223718008766
4,67,juvenilecrime,0.016430329367074965,0.0005253344806868657,1.0011223718008766
5,67,currentcharge,-0.00045940968956414844,0.0002922212607197086,1.0011223718008766
