,model_id,var_names,sage_value_unadjusted,sage_sd,perf_metric
0,76,age,0.0013761027937754186,0.0007622242497034648,1.0107727431104
1,76,race,-0.005795372802927635,0.001120531923099647,1.0107727431104
2,76,prior,0.01142629411699885,0.0008143833403946094,1.0107727431104
3,76,gender,0.0009012390664869806,0.00028069436983582246,1.0107727431104
4,76,juvenilecrime,0.018162124655692388,0.0011826677092514548,1.0107727431104
5,76,currentcharge,-0.0036207892056989086,0.0008460195857103391,1.0107727431104
