,model_id,var_names,sage_value_unadjusted,sage_sd,perf_metric
0,71,age,-0.002780305680670879,0.0009884010334034936,1.0392415065708718
1,71,race,9.154521672581917e-05,8.536784923720168e-06,1.0392415065708718
2,71,prior,0.016926772534260188,0.0009819102986916655,1.0392415065708718
3,71,gender,-0.0028672985231581335,0.0005520035132783246,1.0392415065708718
4,71,juvenilecrime,0.010105962420939656,0.0003068915978454866,1.0392415065708718
5,71,currentcharge,-0.0006836448833320549,0.00026877146336557877,1.0392415065708718
