,model_id,var_names,sage_value_unadjusted,sage_sd,perf_metric
0,32,age,0.0003708406715904132,0.0005209930424447203,1.0428501613376353
1,32,race,-0.005644661906935717,0.0006845861193856185,1.0428501613376353
2,32,prior,0.014478053035666214,0.0010433404225361192,1.0428501613376353
3,32,gender,-0.00318437311096904,0.00021540019550902087,1.0428501613376353
4,32,juvenilecrime,0.015343476934862476,0.00044555828864138795,1.0428501613376353
5,32,currentcharge,-0.0007543407853354106,0.00022190127845036155,1.0428501613376353
