,model_id,var_names,sage_value_unadjusted,sage_sd,perf_metric
0,181,age,0.00028244790691896556,0.0008578439648836084,1.0229239065942297
1,181,race,0.0009014110160939483,0.0005016438686230822,1.0229239065942297
2,181,prior,0.018818395612338522,0.0010239798119266615,1.0229239065942297
3,181,gender,0.00044575700002010314,0.00022245210351241825,1.0229239065942297
4,181,juvenilecrime,0.004908257905101292,0.00012042141665213499,1.0229239065942297
5,181,currentcharge,-0.0017040157648244968,0.000207864604769394,1.0229239065942297
