,model_id,var_names,sage_value_unadjusted,sage_sd,perf_metric
0,170,age,0.0011487652818806002,0.0007881906635515375,1.0079600052463902
1,170,race,-0.003805162527373405,0.001132686779844425,1.0079600052463902
2,170,prior,0.013648200817660331,0.0009460923679227773,1.0079600052463902
3,170,gender,0.000978423801674427,0.00033669355327782264,1.0079600052463902
4,170,juvenilecrime,0.020223611110824588,0.001182740107565156,1.0079600052463902
5,170,currentcharge,-0.0037552662654844193,0.0008390723179810642,1.0079600052463902
