,model_id,var_names,sage_value_unadjusted,sage_sd,perf_metric
0,25,age,0.0022063247960806207,0.0003128261987425904,1.027982046501584
1,25,race,0.000653852160313579,0.0006051162447133612,1.027982046501584
2,25,prior,0.013904151464075979,0.0013898615581674199,1.027982046501584
3,25,gender,-0.021375806130353756,0.0017550132509181313,1.027982046501584
4,25,juvenilecrime,0.012383153684799997,0.0005909961780026713,1.027982046501584
5,25,currentcharge,-0.0017136584920497552,0.00043312674263807445,1.027982046501584
