,model_id,var_names,sage_value_unadjusted,sage_sd,perf_metric
0,68,age,0.0020279572357626893,0.0009129764747295922,1.0426114382650893
1,68,race,-0.004636508125174385,0.0010587309894016183,1.0426114382650893
2,68,prior,0.009246157518643768,0.0004550783944212172,1.0426114382650893
3,68,gender,-0.023662836342672997,0.001825986225285045,1.0426114382650893
4,68,juvenilecrime,0.01304335515854751,0.0006302556060535891,1.0426114382650893
5,68,currentcharge,0.00016228442589672038,6.240033941307492e-05,1.0426114382650893
