,model_id,var_names,sage_value_unadjusted,sage_sd,perf_metric
0,118,age,0.0021066496518065115,0.0004800652115350249,1.0120630074160573
1,118,race,-0.0024336752069125007,0.0005598079688613043,1.0120630074160573
2,118,prior,0.014360796827148567,0.0009183550428422904,1.0120630074160573
3,118,gender,9.778836702091268e-05,1.5577640346092503e-05,1.0120630074160573
4,118,juvenilecrime,0.015937794234167902,0.00048153917885324603,1.0120630074160573
5,118,currentcharge,-0.00109849143913598,0.00022892942443660785,1.0120630074160573
