,model_id,var_names,sage_value_unadjusted,sage_sd,perf_metric
0,51,age,0.0009144394477448548,0.0009421250060016137,1.017404665820067
1,51,race,0.00198126418652596,0.0003714063133677212,1.017404665820067
2,51,prior,0.011066419094219763,0.0006511428467136345,1.017404665820067
3,51,gender,-0.00035377062072115313,0.0006131063904251265,1.017404665820067
4,51,juvenilecrime,0.02014545912102071,0.001451880854303135,1.017404665820067
5,51,currentcharge,-0.009341756700967131,0.0012960484099066262,1.017404665820067
