,model_id,var_names,sage_value_unadjusted,sage_sd,perf_metric
0,31,age,-0.00023093399820462717,0.00035692422792618595,1.0436945948055452
1,31,race,-0.003166033892652496,0.00025872155193210235,1.0436945948055452
2,31,prior,-0.0029191558928642323,0.0007396309014071515,1.0436945948055452
3,31,gender,-0.006146384910258838,0.00027221559623735844,1.0436945948055452
4,31,juvenilecrime,0.007982897755271643,0.0001189256338339603,1.0436945948055452
5,31,currentcharge,-0.006821426935730592,0.00023655206602374234,1.0436945948055452
