,model_id,var_names,sage_value_unadjusted,sage_sd,perf_metric
0,136,age,0.0023889148396258305,0.0004752474850592515,1.007694391717179
1,136,race,-6.368700185688578e-05,0.0003752343133255577,1.007694391717179
2,136,prior,0.014570361600728478,0.0008650107784347257,1.007694391717179
3,136,gender,-0.0027451194045153343,0.0004247149962549794,1.007694391717179
4,136,juvenilecrime,0.012619063758603805,0.0003525040050307479,1.007694391717179
5,136,currentcharge,-0.0023193116611931876,0.00032947638233722177,1.007694391717179
