,model_id,var_names,sage_value_unadjusted,sage_sd,perf_metric
0,234,age,0.001771227219430655,0.0006319910857635929,1.0050854418114135
1,234,race,0.0014182446733747483,0.00027329967689114303,1.0050854418114135
2,234,prior,0.01653427370396073,0.000843687730119177,1.0050854418114135
3,234,gender,-0.00043035645306358124,0.00038460959815084,1.0050854418114135
4,234,juvenilecrime,0.015014299958032773,0.00045718854401716186,1.0050854418114135
5,234,currentcharge,-0.00014993238082956884,0.0002505808148984753,1.0050854418114135
