,model_id,var_names,sage_value_unadjusted,sage_sd,perf_metric
0,164,age,0.00290157055677183,0.000539843462782271,1.0163184732476072
1,164,race,-0.0116718273463665,0.001367009848984511,1.0163184732476072
2,164,prior,0.012737766366901137,0.0007384529295410931,1.0163184732476072
3,164,gender,-0.0020322933930372188,0.0006489680316099059,1.0163184732476072
4,164,juvenilecrime,0.015703118836936834,0.0008062413435145927,1.0163184732476072
5,164,currentcharge,-0.00020271352034386165,0.00031733353899698836,1.0163184732476072
