,model_id,var_names,sage_value_unadjusted,sage_sd,perf_metric
0,130,age,0.003136531817489123,0.00042391594370061583,1.0037905664725886
1,130,race,0.0014471402082870894,0.0002530131824281309,1.0037905664725886
2,130,prior,0.01590262482420217,0.0008315390902586065,1.0037905664725886
3,130,gender,-0.0007341978799287525,0.0004886776708788073,1.0037905664725886
4,130,juvenilecrime,0.01582045571037908,0.000507183080804248,1.0037905664725886
5,130,currentcharge,2.1726714962080264e-05,0.00024640908170463053,1.0037905664725886
