,model_id,var_names,sage_value_unadjusted,sage_sd,perf_metric
0,212,age,0.0008837776063191407,0.0004730982971304751,1.0440739423274004
1,212,race,-0.0008144887286183422,0.00029277473418888567,1.0440739423274004
2,212,prior,0.007513756465967508,0.0008505155716253338,1.0440739423274004
3,212,gender,-0.009497098478472455,0.000493351007589087,1.0440739423274004
4,212,juvenilecrime,0.006433745284036402,0.0001280730284864168,1.0440739423274004
5,212,currentcharge,-0.007824228454195383,0.0003751597400109583,1.0440739423274004
