,model_id,var_names,sage_value_unadjusted,sage_sd,perf_metric
0,128,age,0.0010185997690192712,0.0010024958830676472,1.0364879665240112
1,128,race,0.0005783461646334617,0.0002021805389095401,1.0364879665240112
2,128,prior,0.005247386179619628,0.00031640335730733854,1.0364879665240112
3,128,gender,-8.642844370847412e-05,0.000698114704364474,1.0364879665240112
4,128,juvenilecrime,0.021051022591951265,0.001794338454870335,1.0364879665240112
5,128,currentcharge,-0.01684405123561866,0.0018472267895331615,1.0364879665240112
