,model_id,var_names,sage_value_unadjusted,sage_sd,perf_metric
0,151,age,0.003383546742909418,0.0005181793386006579,1.0466912763424363
1,151,race,0.00012802242687808498,0.0006543039030512566,1.0466912763424363
2,151,prior,0.01793932470068744,0.001478660590410974,1.0466912763424363
3,151,gender,-0.008658331546930543,0.000705351315306371,1.0466912763424363
4,151,juvenilecrime,0.02099264411054914,0.0013088406464425088,1.0466912763424363
5,151,currentcharge,-0.003240608578015923,0.00041092329995423994,1.0466912763424363
