,model_id,var_names,sage_value_unadjusted,sage_sd,perf_metric
0,43,age,0.0024863600579681368,0.0004797846193139684,1.0054049382576682
1,43,race,0.0004199256873398875,0.0004988247337774365,1.0054049382576682
2,43,prior,0.015446839942343447,0.0010009155466733043,1.0054049382576682
3,43,gender,0.0002347399605376437,4.150785414945657e-05,1.0054049382576682
4,43,juvenilecrime,0.020277964823067752,0.0007768472818930109,1.0054049382576682
5,43,currentcharge,0.00025339219933697614,7.19907206275988e-05,1.0054049382576682
