,model_id,var_names,sage_value_unadjusted,sage_sd,perf_metric
0,249,age,0.003463550975932497,0.00048285918175033807,1.0435542923623504
1,249,race,-0.023533372317580764,0.0018898992537967564,1.0435542923623504
2,249,prior,0.00900457932986887,0.00048366576732660437,1.0435542923623504
3,249,gender,-0.003413682895984607,0.0007836207304414663,1.0435542923623504
4,249,juvenilecrime,0.014521155472897361,0.000816668302976615,1.0435542923623504
5,249,currentcharge,-0.00040410178209184856,0.00029350622014825446,1.0435542923623504
