,model_id,var_names,sage_value_unadjusted,sage_sd,perf_metric
0,87,age,0.0013471646692381541,0.0005514920228384156,1.0475405197915655
1,87,race,-7.682263513729746e-05,0.0006623818048671117,1.0475405197915655
2,87,prior,0.018589123951432356,0.0014997478788847077,1.0475405197915655
3,87,gender,-0.01046535544260054,0.0007165198051856894,1.0475405197915655
4,87,juvenilecrime,0.019701674558259545,0.001325225776411315,1.0475405197915655
5,87,currentcharge,-0.003141186001127183,0.0004230958777430841,1.0475405197915655
