,model_id,var_names,sage_value_unadjusted,sage_sd,perf_metric
0,66,age,0.002669853679633886,0.0007717199429996216,1.0216291148602614
1,66,race,0.00037966161485138156,0.0005455673946145505,1.0216291148602614
2,66,prior,0.011127745523240756,0.0013949818195104614,1.0216291148602614
3,66,gender,-0.0016718925721923416,0.0005462166934667853,1.0216291148602614
4,66,juvenilecrime,0.012452385277411392,0.0004980507166428351,1.0216291148602614
5,66,currentcharge,-0.01572399896254344,0.0011147240632535618,1.0216291148602614
