,model_id,var_names,sage_value_unadjusted,sage_sd,perf_metric
0,99,age,0.0023569776287591885,0.000682443898267166,1.025651388538163
1,99,race,-0.013097570782307026,0.0013946420016560112,1.025651388538163
2,99,prior,0.013843495184812066,0.0009482910154630125,1.025651388538163
3,99,gender,0.00045802901154884027,0.00028604026609745927,1.025651388538163
4,99,juvenilecrime,0.015392193885981764,0.0012865492662797048,1.025651388538163
5,99,currentcharge,-0.0007903756496791915,0.00038741440365810606,1.025651388538163
