,model_id,var_names,sage_value_unadjusted,sage_sd,perf_metric
0,225,age,0.0029329667512616323,0.0002632478097671361,1.0464603802949681
1,225,race,-0.0050499855063539266,0.00042374463040224656,1.0464603802949681
2,225,prior,0.01797811740041711,0.0009062945505470503,1.0464603802949681
3,225,gender,-0.005361587317834753,0.0011539150747551837,1.0464603802949681
4,225,juvenilecrime,0.009222532977669411,0.00030836880853149696,1.0464603802949681
5,225,currentcharge,0.00036051064381692954,0.0002222352519837261,1.0464603802949681
