,model_id,var_names,sage_value_unadjusted,sage_sd,perf_metric
0,165,age,0.0028701006216935677,0.0010597872336887658,1.0196485581194268
1,165,race,0.0020930345171311943,0.0005502082262188278,1.0196485581194268
2,165,prior,0.01880151204320837,0.0012823175161577678,1.0196485581194268
3,165,gender,0.00012736107751270875,0.0005987462935391083,1.0196485581194268
4,165,juvenilecrime,0.020221210452345793,0.001224358720847363,1.0196485581194268
5,165,currentcharge,-0.005676479302942422,0.0007013988199490915,1.0196485581194268
