,model_id,var_names,sage_value_unadjusted,sage_sd,perf_metric
0,192,age,-0.005493803192970692,0.0008068598322898554,1.038766393465758
1,192,race,0.002145641710157076,0.0002864067680537096,1.038766393465758
2,192,prior,0.005259641069348167,0.00010464969863529077,1.038766393465758
3,192,gender,-0.0022400422811065905,0.00041632084640072135,1.038766393465758
4,192,juvenilecrime,0.010649113413281864,0.00021285698889126885,1.038766393465758
5,192,currentcharge,-0.00023357821495938972,0.00025230425116286466,1.038766393465758
