,model_id,var_names,sage_value_unadjusted,sage_sd,perf_metric
0,45,age,0.0016660333263665125,0.0007080625674099289,1.010596088701239
1,45,race,0.0008309597590222514,0.0005469139954668238,1.010596088701239
2,45,prior,0.014153395742542086,0.0012815313837708743,1.010596088701239
3,45,gender,-0.0012354265600506965,0.0005043051902351256,1.010596088701239
4,45,juvenilecrime,0.01448123695005861,0.000565716602796298,1.010596088701239
5,45,currentcharge,-0.011383472572452352,0.0008737074542363216,1.010596088701239
