,model_id,var_names,sage_value_unadjusted,sage_sd,perf_metric
0,185,age,0.0028363047221247302,0.0002605055776539646,1.0484806129241355
1,185,race,-0.006367245814294134,0.00045759665119050755,1.0484806129241355
2,185,prior,0.016498584294260803,0.0009259487029936417,1.0484806129241355
3,185,gender,-0.007439525141824016,0.0011957024734169988,1.0484806129241355
4,185,juvenilecrime,0.009217276114631311,0.0003087154911903517,1.0484806129241355
5,185,currentcharge,0.000414661195097502,0.00022356973172907703,1.0484806129241355
