,model_id,var_names,sage_value_unadjusted,sage_sd,perf_metric
0,161,age,0.003193402762640437,0.00027160895483586397,1.042557528744834
1,161,race,-0.004258006026892418,0.00036102000376011856,1.042557528744834
2,161,prior,0.016184044403717533,0.000884900638637413,1.042557528744834
3,161,gender,-0.005187662784785676,0.001068111343653718,1.042557528744834
4,161,juvenilecrime,0.010115575358446375,0.000316911776613062,1.042557528744834
5,161,currentcharge,0.0003329868167171481,0.00021959810734427674,1.042557528744834
