,model_id,var_names,sage_value_unadjusted,sage_sd,perf_metric
0,203,age,-0.005180412150191099,0.0007958950692857433,1.0391763383598451
1,203,race,0.002431273683074247,0.00028187135303439506,1.0391763383598451
2,203,prior,0.005007361236181368,0.00010059207698718723,1.0391763383598451
3,203,gender,-0.002270186453995634,0.0004121429915047611,1.0391763383598451
4,203,juvenilecrime,0.010762016222323105,0.0002087019831559825,1.0391763383598451
5,203,currentcharge,-0.0004100543138651277,0.0002490425214866891,1.0391763383598451
