,model_id,var_names,sage_value_unadjusted,sage_sd,perf_metric
0,174,age,0.0016251972223339348,0.00020520961832025403,1.0456839033562615
1,174,race,-0.006440096667718979,0.0004218484374980397,1.0456839033562615
2,174,prior,0.01163445417636714,0.0012775005286831795,1.0456839033562615
3,174,gender,-0.00678491654746748,0.0007309993755154653,1.0456839033562615
4,174,juvenilecrime,0.019044145790016082,0.0011499322818753943,1.0456839033562615
5,174,currentcharge,-0.002379060238694573,0.00041505984651294265,1.0456839033562615
