,model_id,var_names,sage_value_unadjusted,sage_sd,perf_metric
0,186,age,0.002605123996934107,0.0008226379858102274,1.0199215860598394
1,186,race,0.0010709795154993445,0.0005955485056188743,1.0199215860598394
2,186,prior,0.012443462917925537,0.0015025535957435777,1.0199215860598394
3,186,gender,-0.001989430635179078,0.0005868638060778467,1.0199215860598394
4,186,juvenilecrime,0.012994592292585878,0.0005599887555525897,1.0199215860598394
5,186,currentcharge,-0.017122799044778182,0.0011805646485149564,1.0199215860598394
