,model_id,var_names,sage_value_unadjusted,sage_sd,perf_metric
0,208,age,0.0017956075437174555,0.0005457433310078004,1.0161130924632618
1,208,race,-0.01224773136897622,0.0013523709855987253,1.0161130924632618
2,208,prior,0.011872453903940183,0.0007328034100768344,1.0161130924632618
3,208,gender,-0.001700353152271333,0.0006387050794115302,1.0161130924632618
4,208,juvenilecrime,0.015132560685226958,0.0007931743591535428,1.0161130924632618
5,208,currentcharge,-0.0002394661086109466,0.00031435697014788505,1.0161130924632618
