,model_id,var_names,sage_value_unadjusted,sage_sd,perf_metric
0,201,age,0.0009401322726272002,0.0007478639089422295,1.0384283338994622
1,201,race,-0.017055935219389584,0.001700649697882539,1.0384283338994622
2,201,prior,0.01250968957135964,0.0009802898895045712,1.0384283338994622
3,201,gender,0.00011238590932821947,0.0002710149568896687,1.0384283338994622
4,201,juvenilecrime,0.017189509644360286,0.001492885403483986,1.0384283338994622
5,201,currentcharge,-0.0015774164193707938,0.000425670307356029,1.0384283338994622
