,model_id,var_names,sage_value_unadjusted,sage_sd,perf_metric
0,80,age,0.0017087774174910605,0.000995886844931501,1.0348428752214385
1,80,race,-0.0051910026948136755,0.0010549631235703752,1.0348428752214385
2,80,prior,0.010159703138516106,0.0005408866075300267,1.0348428752214385
3,80,gender,-0.020600376971864075,0.0017439420689062558,1.0348428752214385
4,80,juvenilecrime,0.014338681898407883,0.0006803816376752185,1.0348428752214385
5,80,currentcharge,9.215536921770022e-05,9.646899307172643e-05,1.0348428752214385
