,model_id,var_names,sage_value_unadjusted,sage_sd,perf_metric
0,105,age,0.0022271061484783424,0.0003218889690993818,1.0145458411489778
1,105,race,-0.00019675175771938566,1.9809934580849558e-05,1.0145458411489778
2,105,prior,0.015528546208539386,0.001016272881070062,1.0145458411489778
3,105,gender,-0.0010848768243429925,0.0005106334465824444,1.0145458411489778
4,105,juvenilecrime,0.019263202041415725,0.0008404359934127314,1.0145458411489778
5,105,currentcharge,-0.0010629488087222877,0.0003246331090863627,1.0145458411489778
