,model_id,var_names,sage_value_unadjusted,sage_sd,perf_metric
0,49,age,0.0024497655132628923,0.0006821379119515768,1.0285889678309894
1,49,race,-0.013541383588151013,0.0014961232883065566,1.0285889678309894
2,49,prior,0.013323016550036551,0.0009774702265827485,1.0285889678309894
3,49,gender,0.0007347317692663484,0.00028685841971655266,1.0285889678309894
4,49,juvenilecrime,0.01666362559711182,0.0013450654065507554,1.0285889678309894
5,49,currentcharge,-0.0006937374951833672,0.00040479558095900806,1.0285889678309894
