,model_id,var_names,sage_value_unadjusted,sage_sd,perf_metric
0,156,age,0.0024240604502440673,0.0004899429149947313,1.033902347834691
1,156,race,-0.018932355931535257,0.0016814415022132375,1.033902347834691
2,156,prior,0.010791172773042661,0.0005431380628472934,1.033902347834691
3,156,gender,-0.002256907738628273,0.0007196483747345664,1.033902347834691
4,156,juvenilecrime,0.01499963087969193,0.0007864149922818323,1.033902347834691
5,156,currentcharge,6.044734466688376e-05,0.00029187090911388363,1.033902347834691
