,model_id,var_names,sage_value_unadjusted,sage_sd,perf_metric
0,113,age,0.0019804581866729237,0.0008062717962779403,1.0029868281279706
1,113,race,0.0012695546014472826,0.0005781956964020737,1.0029868281279706
2,113,prior,0.014179764763863931,0.0010691053456879489,1.0029868281279706
3,113,gender,-0.00020812855055233476,0.0005571858657756238,1.0029868281279706
4,113,juvenilecrime,0.020067857565831213,0.0011126059583661614,1.0029868281279706
5,113,currentcharge,-0.002825747423504654,0.0007574086096957545,1.0029868281279706
