,model_id,var_names,sage_value_unadjusted,sage_sd,perf_metric
0,20,age,0.002233507876505804,0.0007348775855493325,1.0180915087833051
1,20,race,-0.006606995249822125,0.001297703873027832,1.0180915087833051
2,20,prior,0.011129380139411053,0.0006964672132027352,1.0180915087833051
3,20,gender,0.0006947552984320249,0.00022475599892473358,1.0180915087833051
4,20,juvenilecrime,0.019448151521771408,0.001283951381573075,1.0180915087833051
5,20,currentcharge,-0.0036915874358536935,0.0010159988465633957,1.0180915087833051
