,model_id,var_names,sage_value_unadjusted,sage_sd,perf_metric
0,62,age,0.0007837902139684958,0.0006856800751652932,1.0220473654568194
1,62,race,-0.005864916692428815,0.00124414052278088,1.0220473654568194
2,62,prior,0.009782611324556949,0.0005792390491816626,1.0220473654568194
3,62,gender,0.00012175162393423562,0.00017888838375733346,1.0220473654568194
4,62,juvenilecrime,0.018849199315967523,0.0012100492619672772,1.0220473654568194
5,62,currentcharge,-0.006079733396006183,0.000988562298128156,1.0220473654568194
