,model_id,var_names,sage_value_unadjusted,sage_sd,perf_metric
0,148,age,-0.0026134814121022594,0.0007459175827026956,1.026835654188536
1,148,race,0.0016708203452128827,0.0003089903369862439,1.026835654188536
2,148,prior,0.009162970004295548,0.0002041606244009182,1.026835654188536
3,148,gender,-0.0012434731662689228,0.0004077255372181421,1.026835654188536
4,148,juvenilecrime,0.012325564423240634,0.00026414100133353074,1.026835654188536
5,148,currentcharge,-4.3810004376308956e-05,0.00025376174320195454,1.026835654188536
