,model_id,var_names,sage_value_unadjusted,sage_sd,perf_metric
0,24,age,0.003361501105253088,0.0006216379091956878,1.0103128005790254
1,24,race,0.0005608121290322264,0.0004963990704948448,1.0103128005790254
2,24,prior,0.01396029742270544,0.0011596415572893237,1.0103128005790254
3,24,gender,-0.0013394107330991138,0.0004569312363151388,1.0103128005790254
4,24,juvenilecrime,0.013501566005181695,0.0005115322461807394,1.0103128005790254
5,24,currentcharge,-0.009279910425107217,0.0007854468317681124,1.0103128005790254
