,model_id,var_names,sage_value_unadjusted,sage_sd,perf_metric
0,30,age,0.0015626309066856879,0.0005738435461674292,1.0023243926743368
1,30,race,0.0003868040275863411,0.00043386708773733817,1.0023243926743368
2,30,prior,0.01692838289968314,0.0008405315757938844,1.0023243926743368
3,30,gender,0.00031486930407131496,0.0002746030861525412,1.0023243926743368
4,30,juvenilecrime,0.014491925090460855,0.0003958401618455431,1.0023243926743368
5,30,currentcharge,6.349984800904945e-05,0.00010016721180086385,1.0023243926743368
