,model_id,var_names,sage_value_unadjusted,sage_sd,perf_metric
0,63,age,0.003894731545975605,0.0003328708082244876,1.0317310408422522
1,63,race,-0.0024466273154624333,0.00023137874682854315,1.0317310408422522
2,63,prior,0.015586453136538137,0.0009527301827781507,1.0317310408422522
3,63,gender,-0.004722926511878822,0.0010142238965901156,1.0317310408422522
4,63,juvenilecrime,0.010751200239826226,0.0003913450602536671,1.0317310408422522
5,63,currentcharge,0.00024201351586747825,0.0002453125092856574,1.0317310408422522
