,model_id,var_names,sage_value_unadjusted,sage_sd,perf_metric
0,169,age,0.002506836054139717,0.0002920612966670988,1.0197226718365295
1,169,race,-0.00567786340676765,0.000853317447479893,1.0197226718365295
2,169,prior,0.014063011216988186,0.0010214353399747409,1.0197226718365295
3,169,gender,-0.0016291529206341692,0.0001576967881258308,1.0197226718365295
4,169,juvenilecrime,0.014798000680064368,0.0004423833733411546,1.0197226718365295
5,169,currentcharge,-5.216155581841744e-05,0.00016469788090468267,1.0197226718365295
