,model_id,var_names,sage_value_unadjusted,sage_sd,perf_metric
0,98,age,0.0020258142758009107,0.0006331427274546725,1.0061177550379676
1,98,race,0.001914630665802481,0.0004486230487298239,1.0061177550379676
2,98,prior,0.01817041851165538,0.0009279801207454405,1.0061177550379676
3,98,gender,-0.00048205921692664295,0.00039728596984147757,1.0061177550379676
4,98,juvenilecrime,0.017838635587256773,0.0007646068948640553,1.0061177550379676
5,98,currentcharge,-0.0004269789205724864,0.00010197861199536033,1.0061177550379676
