,model_id,var_names,sage_value_unadjusted,sage_sd,perf_metric
0,222,age,0.00021624179361891802,0.0010983167413562264,1.038021132778036
1,222,race,0.0007555033304299768,0.00010824037854628975,1.038021132778036
2,222,prior,0.007807754138571016,0.00036313367315779266,1.038021132778036
3,222,gender,0.0007575438971854586,0.00038141637408830724,1.038021132778036
4,222,juvenilecrime,0.024612134124218418,0.0013668709014211565,1.038021132778036
5,222,currentcharge,-0.00290767492416578,0.0004189463769253639,1.038021132778036
