,model_id,var_names,sage_value_unadjusted,sage_sd,perf_metric
0,28,age,0.002397712104742018,0.0014093519106421256,1.045191900152971
1,28,race,0.0017271212159541676,0.0004950245883610682,1.045191900152971
2,28,prior,0.01320102517621597,0.0014414896355268213,1.045191900152971
3,28,gender,0.0017922611619971723,0.000759856315439521,1.045191900152971
4,28,juvenilecrime,0.02404768079522731,0.0017191005730193185,1.045191900152971
5,28,currentcharge,-0.012530888801788332,0.0017727194659394145,1.045191900152971
