,model_id,var_names,sage_value_unadjusted,sage_sd,perf_metric
0,88,age,0.0017129965771209902,0.0002062289923466136,1.0489925323249505
1,88,race,-0.0070018717734410835,0.0004789052554420601,1.0489925323249505
2,88,prior,0.010663253607176203,0.001359219515181737,1.0489925323249505
3,88,gender,-0.005030679409456308,0.0007801067051462658,1.0489925323249505
4,88,juvenilecrime,0.020387326247146887,0.0012363072218045971,1.0489925323249505
5,88,currentcharge,-0.0021530518842560547,0.0004414872472562406,1.0489925323249505
