,model_id,var_names,sage_value_unadjusted,sage_sd,perf_metric
0,145,age,0.0019509473625444669,0.0009305542870228935,1.0404021999891286
1,145,race,-0.004371444586190321,0.0010730419119745393,1.0404021999891286
2,145,prior,0.009315691102354555,0.0004853096994962646,1.0404021999891286
3,145,gender,-0.023498396525092804,0.001845463926782852,1.0404021999891286
4,145,juvenilecrime,0.013858565314517087,0.0006494872176603756,1.0404021999891286
5,145,currentcharge,0.00011318147672216904,7.249588348076725e-05,1.0404021999891286
