,model_id,var_names,sage_value_unadjusted,sage_sd,perf_metric
0,190,age,-0.004702014579452944,0.0010511066438669452,1.0475754464229832
1,190,race,-0.00046953337081932946,3.508627112363393e-05,1.0475754464229832
2,190,prior,0.016438286201887028,0.0009829133922005591,1.0475754464229832
3,190,gender,-0.002867848000052978,0.0005663921199893535,1.0475754464229832
4,190,juvenilecrime,0.009514035204222369,0.0002717428885523297,1.0475754464229832
5,190,currentcharge,-0.0007857633470147574,0.0002665612323579648,1.0475754464229832
