,model_id,var_names,sage_value_unadjusted,sage_sd,perf_metric
0,97,age,0.002577655006643831,0.0005521575955251719,1.0048959184009543
1,97,race,-0.0024874918565625853,0.0009551647696678708,1.0048959184009543
2,97,prior,0.014123961343435285,0.0008622527314126324,1.0048959184009543
3,97,gender,-0.0013731290613827516,0.0005225677424319494,1.0048959184009543
4,97,juvenilecrime,0.01662834581963493,0.0007487790807824254,1.0048959184009543
5,97,currentcharge,-0.000397445231908395,0.00031450060743187065,1.0048959184009543
