,model_id,var_names,sage_value_unadjusted,sage_sd,perf_metric
0,1,age,0.002736687158794297,0.0002754653115114144,1.0284578308125505
1,1,race,-0.008814200328487941,0.001012114755771964,1.0284578308125505
2,1,prior,0.01404143988491611,0.001142750203445777,1.0284578308125505
3,1,gender,-0.002942214783264553,0.0002716216049262547,1.0284578308125505
4,1,juvenilecrime,0.014017927839637095,0.0004506297336405553,1.0284578308125505
5,1,currentcharge,-0.00018207048008249906,0.00015768516854499005,1.0284578308125505
