,model_id,var_names,sage_value_unadjusted,sage_sd,perf_metric
0,134,age,-0.0008769911950488618,0.0015268943803925066,1.038597285130304
1,134,race,0.0021177377995734675,0.0005471292486148781,1.038597285130304
2,134,prior,0.01812293389819596,0.0014766904177626436,1.038597285130304
3,134,gender,0.0008297706665442892,0.0007408181864735104,1.038597285130304
4,134,juvenilecrime,0.02199290640439567,0.0016355649540279278,1.038597285130304
5,134,currentcharge,-0.011039194541012197,0.0015801190197174064,1.038597285130304
