,model_id,var_names,sage_value_unadjusted,sage_sd,perf_metric
0,129,age,-0.00022247572995299348,0.0003509556297912933,1.0475695241842524
1,129,race,-0.0034169158461630524,0.000255461714986672,1.0475695241842524
2,129,prior,-0.0055025703562470545,0.0007419660293088757,1.0475695241842524
3,129,gender,-0.005699888077383289,0.0002723999838247204,1.0475695241842524
4,129,juvenilecrime,0.007828657091100765,0.00011090697471892367,1.0475695241842524
5,129,currentcharge,-0.007037415571766171,0.000236759176906289,1.0475695241842524
