,model_id,var_names,sage_value_unadjusted,sage_sd,perf_metric
0,240,age,0.00035942951161049803,0.0010237632508139703,1.046989662789886
1,240,race,-0.005254277530507149,0.0011783951853458377,1.046989662789886
2,240,prior,0.008955323908458466,0.0004486159795918007,1.046989662789886
3,240,gender,-0.029146339681365856,0.0021013790402833604,1.046989662789886
4,240,juvenilecrime,0.013266153442354956,0.0006810530042533578,1.046989662789886
5,240,currentcharge,0.00016914618938519992,5.040439953758263e-05,1.046989662789886
