,model_id,var_names,sage_value_unadjusted,sage_sd,perf_metric
0,155,age,0.0021969557082114404,0.0009749022994391824,1.0420496785164195
1,155,race,-0.006646233125367443,0.0011504787921611573,1.0420496785164195
2,155,prior,0.009213372898635148,0.0004982154690975892,1.0420496785164195
3,155,gender,-0.02514461184392241,0.001971547260689487,1.0420496785164195
4,155,juvenilecrime,0.01451853249047631,0.0006891983846522799,1.0420496785164195
5,155,currentcharge,0.00020138622202408,7.03350075055149e-05,1.0420496785164195
