,model_id,var_names,sage_value_unadjusted,sage_sd,perf_metric
0,14,age,0.0028347335883586546,0.0006069988463718829,1.009785694870281
1,14,race,3.402751170634141e-05,0.00048567445848668797,1.009785694870281
2,14,prior,0.01332305148441764,0.0011270866880827392,1.009785694870281
3,14,gender,-0.0018918802607170739,0.00044218063434425505,1.009785694870281
4,14,juvenilecrime,0.014152195541233566,0.0005065810955317994,1.009785694870281
5,14,currentcharge,-0.008398968284034398,0.0007541397897729212,1.009785694870281
