,model_id,var_names,sage_value_unadjusted,sage_sd,perf_metric
0,197,age,0.0020467649457976194,0.0005519542315107896,1.0415049487863102
1,197,race,0.0007486267606850562,0.0006640997789553121,1.0415049487863102
2,197,prior,0.01755260946652963,0.0014918523062689261,1.0415049487863102
3,197,gender,-0.008252938460027755,0.00064911942984133,1.0415049487863102
4,197,juvenilecrime,0.02196899627784568,0.0012925658280926369,1.0415049487863102
5,197,currentcharge,-0.0022642183580553637,0.000374190893063841,1.0415049487863102
