,model_id,var_names,sage_value_unadjusted,sage_sd,perf_metric
0,196,age,0.003292267956593478,0.00044873475759333404,1.0111435578928076
1,196,race,0.0006982100433418983,0.00011135756969323489,1.0111435578928076
2,196,prior,0.01820669975407997,0.0009381757454106356,1.0111435578928076
3,196,gender,-0.0006290008589071641,0.0007038687333291706,1.0111435578928076
4,196,juvenilecrime,0.014681137660599176,0.0005085487874136606,1.0111435578928076
5,196,currentcharge,-0.00014853581173142935,0.00026767588768132443,1.0111435578928076
