,model_id,var_names,sage_value_unadjusted,sage_sd,perf_metric
0,8,age,-0.004869044525823428,0.001260011305299047,1.0483471077271398
1,8,race,0.00028160655289324334,0.0005998167988718227,1.0483471077271398
2,8,prior,0.018730067491326673,0.0012654750388817343,1.0483471077271398
3,8,gender,0.001085665552526078,0.00020228128629111132,1.0483471077271398
4,8,juvenilecrime,-0.0035625248513082982,9.020289216851729e-05,1.0483471077271398
5,8,currentcharge,-0.006692603969417449,0.00046740117827553777,1.0483471077271398
