,model_id,var_names,sage_value_unadjusted,sage_sd,perf_metric
0,13,age,0.002003751157526263,0.0004617629598326517,1.0167744070939182
1,13,race,0.00024507468274558085,0.0004960586698376312,1.0167744070939182
2,13,prior,0.016929576092255264,0.0010486927785169128,1.0167744070939182
3,13,gender,-0.0019797254325397205,0.0001898249538046152,1.0167744070939182
4,13,juvenilecrime,0.019096600521952237,0.0008642556074546512,1.0167744070939182
5,13,currentcharge,-0.00033440969459965853,8.441590420517434e-05,1.0167744070939182
