,model_id,var_names,sage_value_unadjusted,sage_sd,perf_metric
0,132,age,0.0025019910695355647,0.0006044139364026626,1.0187775648049526
1,132,race,0.00037828763989294033,4.025416814729945e-05,1.0187775648049526
2,132,prior,0.01788650070522302,0.0009023450135883421,1.0187775648049526
3,132,gender,-0.0001531007524406285,1.9705860727108872e-05,1.0187775648049526
4,132,juvenilecrime,0.0173521714361051,0.000678143738299966,1.0187775648049526
5,132,currentcharge,-0.00028308832911153807,0.00039881333619375077,1.0187775648049526
