,model_id,var_names,sage_value_unadjusted,sage_sd,perf_metric
0,142,age,0.0006940022879985615,0.0006436038121420421,1.0106166009045339
1,142,race,0.00022629573586628243,0.0004912669463247026,1.0106166009045339
2,142,prior,0.011568439895733008,0.0011511227856961482,1.0106166009045339
3,142,gender,-0.0011782512558328212,0.0004492844508672981,1.0106166009045339
4,142,juvenilecrime,0.013342484479813118,0.0005162229469058212,1.0106166009045339
5,142,currentcharge,-0.009776067574355472,0.00078450364173743,1.0106166009045339
