,model_id,var_names,sage_value_unadjusted,sage_sd,perf_metric
0,204,age,0.0007608410791168844,0.0007281274079571208,1.0098105304307265
1,204,race,0.0010969806359274119,0.0004667741833266979,1.0098105304307265
2,204,prior,0.01842692285144972,0.00093304379923334,1.0098105304307265
3,204,gender,0.00020177116529853,0.0002489154775772428,1.0098105304307265
4,204,juvenilecrime,0.010296448061686333,0.0002668815064836518,1.0098105304307265
5,204,currentcharge,-0.0002489277492398143,4.8396872917922565e-05,1.0098105304307265
