,model_id,var_names,sage_value_unadjusted,sage_sd,perf_metric
0,195,age,8.977616277654916e-05,0.0007516038736666399,1.0248033736356728
1,195,race,-0.005948261322526412,0.0013990493470359571,1.0248033736356728
2,195,prior,0.009693760542977626,0.0005862921617887347,1.0248033736356728
3,195,gender,0.0004665789672701955,0.00017341723225750304,1.0248033736356728
4,195,juvenilecrime,0.020207093809587046,0.0013615447483120815,1.0248033736356728
5,195,currentcharge,-0.00784815634876589,0.0011185955985430047,1.0248033736356728
