,model_id,var_names,sage_value_unadjusted,sage_sd,perf_metric
0,3,age,0.0018421710653710166,0.00033603394726647805,1.0211648455607738
1,3,race,-0.0013415103242178676,0.0001360880728448927,1.0211648455607738
2,3,prior,0.014104242497829303,0.0012367213542697143,1.0211648455607738
3,3,gender,-0.0033963254167845873,0.0006443720263126531,1.0211648455607738
4,3,juvenilecrime,0.021523111916372357,0.0010529156317115153,1.0211648455607738
5,3,currentcharge,-0.0015262260065551508,0.0003965010877954306,1.0211648455607738
