,model_id,var_names,sage_value_unadjusted,sage_sd,perf_metric
0,219,age,0.0026046289294498256,0.0008413196347657245,1.0141058702968275
1,219,race,-0.008176377384907379,0.001398609682134787,1.0141058702968275
2,219,prior,0.014062386519845196,0.0011850926230680752,1.0141058702968275
3,219,gender,0.0006495826536045712,0.0003806450263521475,1.0141058702968275
4,219,juvenilecrime,0.020149987720315125,0.0013655605577958432,1.0141058702968275
5,219,currentcharge,-0.0008012862390394908,0.00044904316890828925,1.0141058702968275
