,model_id,var_names,sage_value_unadjusted,sage_sd,perf_metric
0,50,age,-0.00039118127070657575,0.0009406396375601428,1.0238643569356871
1,50,race,0.0009087949246028357,0.0001089033543239796,1.0238643569356871
2,50,prior,0.017300865838405958,0.0009889271083497056,1.0238643569356871
3,50,gender,-0.0025393217815300696,0.0005242378324212425,1.0238643569356871
4,50,juvenilecrime,0.011284805686931713,0.0003831752760550588,1.0238643569356871
5,50,currentcharge,-0.000133154915023765,0.0002774676978832771,1.0238643569356871
