,model_id,var_names,sage_value_unadjusted,sage_sd,perf_metric
0,210,age,-0.0022026759442621007,0.0008901203602167386,1.0204294805155427
1,210,race,0.0011602574401327,0.00013332933633516475,1.0204294805155427
2,210,prior,0.01679292507902098,0.0009694448507556624,1.0204294805155427
3,210,gender,-0.0027400427490227777,0.0005038494790400578,1.0204294805155427
4,210,juvenilecrime,0.01161917937957382,0.00039182133367449346,1.0204294805155427
5,210,currentcharge,-0.0005557861810299893,0.000273492453827873,1.0204294805155427
