,model_id,var_names,sage_value_unadjusted,sage_sd,perf_metric
0,52,age,0.0007212298792399467,0.00037699342071316797,1.021994627878599
1,52,race,-0.0021972606707570484,0.00028756235363587096,1.021994627878599
2,52,prior,0.00541695394217557,0.0007541817581752125,1.021994627878599
3,52,gender,-0.0032354457357332005,0.0002806098356441056,1.021994627878599
4,52,juvenilecrime,0.010744375992574589,0.00018737297147521063,1.021994627878599
5,52,currentcharge,-0.004367339418856639,0.00024107634416123462,1.021994627878599
