,model_id,var_names,sage_value_unadjusted,sage_sd,perf_metric
0,38,age,0.001963828142768389,0.00044938157391702827,1.0207986403554714
1,38,race,-0.0008210118784622661,0.00031020850483534857,1.0207986403554714
2,38,prior,0.010811631073954345,0.0008041633285952179,1.0207986403554714
3,38,gender,-0.0052790983504682355,0.00043207657151601625,1.0207986403554714
4,38,juvenilecrime,0.009823747632245835,0.00021868171655172,1.0207986403554714
5,38,currentcharge,-0.005049462293391208,0.00033192680764453065,1.0207986403554714
