,model_id,var_names,sage_value_unadjusted,sage_sd,perf_metric
0,236,age,7.739118938288487e-05,0.0005726698073608172,1.0405921479157878
1,236,race,-0.007507288998279273,0.0007168595803699445,1.0405921479157878
2,236,prior,0.011480037284790513,0.0011021201020605781,1.0405921479157878
3,236,gender,-0.0024029866870239423,0.00021456673056227194,1.0405921479157878
4,236,juvenilecrime,0.014622270281194779,0.0004820055405565784,1.0405921479157878
5,236,currentcharge,-0.0010599324585288527,0.0002347633486453514,1.0405921479157878
