,model_id,var_names,sage_value_unadjusted,sage_sd,perf_metric
0,61,age,0.000160320616938626,0.0009092634853283074,1.0288987538834111
1,61,race,0.0006536600757956366,0.0005198013595148235,1.0288987538834111
2,61,prior,0.01898322049391427,0.00107445258465785,1.0288987538834111
3,61,gender,0.0008795264365892435,0.00021484905374081676,1.0288987538834111
4,61,juvenilecrime,0.002850659576113146,6.799865527886068e-05,1.0288987538834111
5,61,currentcharge,-0.0026648376289445936,0.00026938222588482997,1.0288987538834111
