,model_id,var_names,sage_value_unadjusted,sage_sd,perf_metric
0,227,age,0.0015258464588456906,0.00035381279620136174,1.0167434543992695
1,227,race,-0.00044698328077740667,5.967963120140364e-05,1.0167434543992695
2,227,prior,0.01368351550021437,0.0011415503652390537,1.0167434543992695
3,227,gender,-0.002214448621396719,0.0005809403530519163,1.0167434543992695
4,227,juvenilecrime,0.020659995736299036,0.0009529604026765977,1.0167434543992695
5,227,currentcharge,-0.0017247223499145205,0.0003654935605992311,1.0167434543992695
