,model_id,var_names,sage_value_unadjusted,sage_sd,perf_metric
0,154,age,0.0017998637769123774,0.00016488235208838735,1.0470098113420643
1,154,race,-0.01832780392753084,0.001626184734429793,1.0470098113420643
2,154,prior,0.014601105684358582,0.0013992896563703352,1.0470098113420643
3,154,gender,-0.0045076438237197525,0.0009303661725679134,1.0470098113420643
4,154,juvenilecrime,0.0077095440465270665,0.0003008239547085594,1.0470098113420643
5,154,currentcharge,-0.0035625810872119577,0.0006512834936436195,1.0470098113420643
