,model_id,var_names,sage_value_unadjusted,sage_sd,perf_metric
0,56,age,0.003685460151514196,0.0006030348314399894,1.0117780998240158
1,56,race,0.0008560881330546531,0.0001530628687969148,1.0117780998240158
2,56,prior,0.01397797132657735,0.000914718735346678,1.0117780998240158
3,56,gender,0.0004106419767980052,7.519290965009821e-05,1.0117780998240158
4,56,juvenilecrime,0.017639830403510595,0.0006728355325512134,1.0117780998240158
5,56,currentcharge,-0.000709926103441408,0.0003739396950791775,1.0117780998240158
