,model_id,var_names,sage_value_unadjusted,sage_sd,perf_metric
0,27,age,0.002957738068539789,0.0005211001242006347,1.036694974382269
1,27,race,-0.021787019458905165,0.0018782691422341497,1.036694974382269
2,27,prior,0.00998652066279816,0.0005703864637168885,1.036694974382269
3,27,gender,-0.004167417432751455,0.0008063654816894486,1.036694974382269
4,27,juvenilecrime,0.015810078293946487,0.0008667480240820339,1.036694974382269
5,27,currentcharge,0.0001011516201550794,0.0003140220157459344,1.036694974382269
