,model_id,var_names,sage_value_unadjusted,sage_sd,perf_metric
0,228,age,0.0022136903651453228,0.000510674142076481,1.0009659600587686
1,228,race,0.001053226342312639,0.00045477069002987044,1.0009659600587686
2,228,prior,0.01622385816513889,0.0009144334349311236,1.0009659600587686
3,228,gender,-8.332291953818023e-05,0.0003585875836992674,1.0009659600587686
4,228,juvenilecrime,0.015259326690263336,0.0005558589687711189,1.0009659600587686
5,228,currentcharge,-0.0021234424204202465,0.00040393913573254854,1.0009659600587686
