,model_id,var_names,sage_value_unadjusted,sage_sd,perf_metric
0,232,age,0.0008333879897336225,0.001060273808423927,1.0231877375745293
1,232,race,0.0017575364012941536,0.0004918712637344011,1.0231877375745293
2,232,prior,0.01615098207210734,0.0011828216488796583,1.0231877375745293
3,232,gender,0.00030959022245289106,0.0005616240030526988,1.0231877375745293
4,232,juvenilecrime,0.01839484046659919,0.0011870538525373426,1.0231877375745293
5,232,currentcharge,-0.006344557866770706,0.0007578947886741393,1.0231877375745293
