,model_id,var_names,sage_value_unadjusted,sage_sd,perf_metric
0,135,age,0.000974070952751436,0.000769784747730499,1.0351421619207244
1,135,race,-0.01915550525607647,0.001716165800839236,1.0351421619207244
2,135,prior,0.012583602910035779,0.0010344134492801633,1.0351421619207244
3,135,gender,6.30224967277765e-05,0.0002907805821061453,1.0351421619207244
4,135,juvenilecrime,0.015872916352772833,0.0015251336853189844,1.0351421619207244
5,135,currentcharge,-0.0011483922038485498,0.0004417782396412512,1.0351421619207244
