,model_id,var_names,sage_value_unadjusted,sage_sd,perf_metric
0,127,age,0.0009679239425644681,0.0007246134633152483,1.0319430761989796
1,127,race,-0.01522785207777948,0.001621190995271891,1.0319430761989796
2,127,prior,0.01182851471225323,0.0010109136819493217,1.0319430761989796
3,127,gender,0.0003560753524637299,0.0002933371534216039,1.0319430761989796
4,127,juvenilecrime,0.017242931419933476,0.0014617516297625716,1.0319430761989796
5,127,currentcharge,-0.001772543014363533,0.0004268698577013453,1.0319430761989796
