,model_id,var_names,sage_value_unadjusted,sage_sd,perf_metric
0,6,age,0.0010332711975732049,0.0007679402335034168,1.010683277778212
1,6,race,-0.006339955427575806,0.0011744663370079162,1.010683277778212
2,6,prior,0.012986422716581405,0.001085307087259639,1.010683277778212
3,6,gender,0.0004228593632765382,0.0003655207675374343,1.010683277778212
4,6,juvenilecrime,0.01722448370695513,0.00117215382280554,1.010683277778212
5,6,currentcharge,-0.00014673659128491937,0.0003993219878425297,1.010683277778212
