,model_id,var_names,sage_value_unadjusted,sage_sd,perf_metric
0,64,age,0.002259496865680003,0.00045693899630241464,1.0068066380201957
1,64,race,0.0008539512728051004,0.0004653239635542641,1.0068066380201957
2,64,prior,0.01779018729224351,0.0009400417668682221,1.0068066380201957
3,64,gender,1.8043269342260677e-05,3.267345937955298e-06,1.0068066380201957
4,64,juvenilecrime,0.018872619426140075,0.0007371885335729655,1.0068066380201957
5,64,currentcharge,7.803470801968617e-05,4.3181921788788954e-05,1.0068066380201957
