,model_id,var_names,sage_value_unadjusted,sage_sd,perf_metric
0,246,age,0.002355121604324991,0.0002473907075819466,1.0484801957876764
1,246,race,-0.005984443362418106,0.00042311780935358587,1.0484801957876764
2,246,prior,0.01527054228208127,0.0008538651238668095,1.0484801957876764
3,246,gender,-0.0069000641988528335,0.0010991960626953092,1.0484801957876764
4,246,juvenilecrime,0.008670841651044333,0.00028527155167688953,1.0484801957876764
5,246,currentcharge,0.0005181448511485079,0.00020651049510265145,1.0484801957876764
