,model_id,var_names,sage_value_unadjusted,sage_sd,perf_metric
0,244,age,0.002247270765465121,0.0004957667264888858,1.0114599441786545
1,244,race,-6.113347878647723e-06,0.00036526677091004576,1.0114599441786545
2,244,prior,0.013786681422249328,0.0008772721144452733,1.0114599441786545
3,244,gender,-0.003764046831139117,0.00044819481919457314,1.0114599441786545
4,244,juvenilecrime,0.011994884116849633,0.0003159850768415143,1.0114599441786545
5,244,currentcharge,-0.002838032700344557,0.00034410231349327826,1.0114599441786545
