,model_id,var_names,sage_value_unadjusted,sage_sd,perf_metric
0,103,age,0.002340212198844485,0.0006828790156890772,1.015587466199795
1,103,race,-0.005308094333205619,0.0011753837919510235,1.015587466199795
2,103,prior,0.010992561801302612,0.000698354997684348,1.015587466199795
3,103,gender,0.00043954123534906917,0.00023039151850931378,1.015587466199795
4,103,juvenilecrime,0.018541033937292863,0.0011903800923226697,1.015587466199795
5,103,currentcharge,-0.004722480572740349,0.0009057407119878078,1.015587466199795
