,model_id,var_names,sage_value_unadjusted,sage_sd,perf_metric
0,122,age,0.0028401210805133687,0.00045356758587867233,1.0021898513476302
1,122,race,0.00038270182354283,0.000486251843480689,1.0021898513476302
2,122,prior,0.015006330860518299,0.0009658934099938172,1.0021898513476302
3,122,gender,-0.002921133320680665,0.0006251796391834959,1.0021898513476302
4,122,juvenilecrime,0.01641939610099152,0.0005810190031525895,1.0021898513476302
5,122,currentcharge,-0.0009791827202587065,0.00030165635709432847,1.0021898513476302
