,model_id,var_names,sage_value_unadjusted,sage_sd,perf_metric
0,237,age,0.0019621544579286167,0.0002749513951978042,1.029573092707993
1,237,race,-0.003515289433629848,0.00024107480741182778,1.029573092707993
2,237,prior,0.013046129094927911,0.0012091498693285413,1.029573092707993
3,237,gender,-0.003545129580467048,0.0006587129142208219,1.029573092707993
4,237,juvenilecrime,0.020713214631886016,0.0010465469879841001,1.029573092707993
5,237,currentcharge,-0.001876138792489858,0.0003893236496061025,1.029573092707993
