,model_id,var_names,sage_value_unadjusted,sage_sd,perf_metric
0,166,age,0.0014037578688061727,0.0009733140996894149,1.028530160233654
1,166,race,0.0014539584513309006,0.00027306984207757696,1.028530160233654
2,166,prior,0.007007690282543236,0.00045690997670923814,1.028530160233654
3,166,gender,-5.045594718620965e-05,0.0006625377646527567,1.028530160233654
4,166,juvenilecrime,0.02174752528289206,0.0016666558128995727,1.028530160233654
5,166,currentcharge,-0.011737616863591005,0.0016406716759625106,1.028530160233654
