,model_id,var_names,sage_value_unadjusted,sage_sd,perf_metric
0,159,age,0.0014703925948132746,0.0006224965358047534,1.0033520217179934
1,159,race,0.0008166414339796165,0.00043864537203322013,1.0033520217179934
2,159,prior,0.017297849315548383,0.0008564634291162958,1.0033520217179934
3,159,gender,0.0003589953010158344,0.00026773340819199527,1.0033520217179934
4,159,juvenilecrime,0.013017298634004996,0.0003757452566734694,1.0033520217179934
5,159,currentcharge,0.00015740047489650456,7.21146809369895e-05,1.0033520217179934
