,model_id,var_names,sage_value_unadjusted,sage_sd,perf_metric
0,245,age,-0.0004500844298782293,0.00035976422037039743,1.0399088913862702
1,245,race,-0.0028471623909604297,0.00026232865249397415,1.0399088913862702
2,245,prior,-0.0022244881191916003,0.0007407796667344359,1.0399088913862702
3,245,gender,-0.0055697341391000785,0.00027384377619398367,1.0399088913862702
4,245,juvenilecrime,0.008559001837585728,0.00012771990897080397,1.0399088913862702
5,245,currentcharge,-0.0062702173990374895,0.0002370075083565357,1.0399088913862702
