,model_id,var_names,sage_value_unadjusted,sage_sd,perf_metric
0,110,age,0.002745693294766594,0.0005163987351165701,1.0119705797495986
1,110,race,-0.00756839523129207,0.0011480446614930513,1.0119705797495986
2,110,prior,0.014339826414132492,0.0007216680682954318,1.0119705797495986
3,110,gender,-0.0016323120885074727,0.0005684572289276354,1.0119705797495986
4,110,juvenilecrime,0.015541084851517058,0.0007249038542974748,1.0119705797495986
5,110,currentcharge,-0.0002536876779920455,0.00029430641994322655,1.0119705797495986
