,model_id,var_names,sage_value_unadjusted,sage_sd,perf_metric
0,138,age,-0.004295629251759758,0.0010474041065230712,1.0341017277612752
1,138,race,0.0013502632449010356,0.0005163059485922049,1.0341017277612752
2,138,prior,0.017260588598764684,0.001076084815456624,1.0341017277612752
3,138,gender,0.0008407223255876785,0.0001995019074468334,1.0341017277612752
4,138,juvenilecrime,0.0009900971671389102,2.426600501481228e-05,1.0341017277612752
5,138,currentcharge,-0.0036291112580129478,0.00030755137678737846,1.0341017277612752
