,model_id,var_names,sage_value_unadjusted,sage_sd,perf_metric
0,247,age,0.0021974103993196207,0.0003697010570616498,1.0175272987332116
1,247,race,-0.0006589832790379002,7.547860777814057e-05,1.0175272987332116
2,247,prior,0.014976916266814294,0.001194704377315904,1.0175272987332116
3,247,gender,-0.0026200013151611973,0.0006122634679076868,1.0175272987332116
4,247,juvenilecrime,0.02140248462311969,0.0009993762166601793,1.0175272987332116
5,247,currentcharge,-0.0010597824280581217,0.00038187001183801866,1.0175272987332116
