,model_id,var_names,sage_value_unadjusted,sage_sd,perf_metric
0,211,age,0.0015503818846416529,0.0007931320667592018,1.002503060709848
1,211,race,0.00044068468819866174,0.0005596317273484758,1.002503060709848
2,211,prior,0.015190161901380625,0.0010291105066113668,1.002503060709848
3,211,gender,-0.00027526061882708126,0.0005271023656727774,1.002503060709848
4,211,juvenilecrime,0.019723270019991326,0.0010600264616259264,1.002503060709848
5,211,currentcharge,-0.0015357934054615692,0.0006893505562810717,1.002503060709848
