,model_id,var_names,sage_value_unadjusted,sage_sd,perf_metric
0,226,age,0.001358403725481029,0.0005330951432150389,1.0367417603838864
1,226,race,0.00012827438193070207,0.0006260166059456636,1.0367417603838864
2,226,prior,0.018688819337477746,0.0013877418217769556,1.0367417603838864
3,226,gender,-0.007225185946142184,0.0005546642009711287,1.0367417603838864
4,226,juvenilecrime,0.020570512826394365,0.0012156384229204044,1.0367417603838864
5,226,currentcharge,-0.002144685059984351,0.00031347675003630957,1.0367417603838864
