,model_id,var_names,sage_value_unadjusted,sage_sd,perf_metric
0,84,age,-0.0013128722790703034,0.0008942109431245989,1.0233436042786603
1,84,race,-0.00013499041250298807,0.0005031891403425654,1.0233436042786603
2,84,prior,0.019025293621496284,0.0010361318331082246,1.0233436042786603
3,84,gender,0.0006919492047049496,0.00022176318981293293,1.0233436042786603
4,84,juvenilecrime,0.004674175059746387,0.00011679152956377899,1.0233436042786603
5,84,currentcharge,-0.0018982761979211887,0.00021277297414868957,1.0233436042786603
