,model_id,var_names,sage_value_unadjusted,sage_sd,perf_metric
0,82,age,0.0012012642914136817,0.0007574302145856535,1.0449158198998094
1,82,race,-0.022107049248635536,0.0018659203818999263,1.0449158198998094
2,82,prior,0.011580781575252296,0.0009877202718290858,1.0449158198998094
3,82,gender,-0.00010774884910310761,0.0002635433325359948,1.0449158198998094
4,82,juvenilecrime,0.01584495884509293,0.001600292116938591,1.0449158198998094
5,82,currentcharge,-0.0012393803409944052,0.00044453208085909354,1.0449158198998094
