,model_id,var_names,sage_value_unadjusted,sage_sd,perf_metric
0,158,age,0.0005185325942935707,0.0009929778919939107,1.024180943598767
1,158,race,0.001229928892147436,0.0002963964922466788,1.024180943598767
2,158,prior,0.00837042215787735,0.0005086883288568832,1.024180943598767
3,158,gender,-0.0009214929382516989,0.0006203752868872957,1.024180943598767
4,158,juvenilecrime,0.022026755761591698,0.0015105378685324128,1.024180943598767
5,158,currentcharge,-0.008749721742463818,0.0014434474574699836,1.024180943598767
