,model_id,var_names,sage_value_unadjusted,sage_sd,perf_metric
0,241,age,0.0018321037984092813,0.0005440091770879894,1.0475246157397715
1,241,race,-0.03169312851696343,0.00238080946994401,1.0475246157397715
2,241,prior,0.007992610507520415,0.0005497834801143773,1.0475246157397715
3,241,gender,-0.0036288464762823797,0.0009702854860693128,1.0475246157397715
4,241,juvenilecrime,0.01600782429265934,0.0009951651349161038,1.0475246157397715
5,241,currentcharge,-0.0003090039059212876,0.0003522458504403878,1.0475246157397715
