,model_id,var_names,sage_value_unadjusted,sage_sd,perf_metric
0,15,age,0.002839707112864241,0.000520122125895097,1.0150971456636166
1,15,race,-0.009098439331251915,0.001219003239707885,1.0150971456636166
2,15,prior,0.013462762821684278,0.0006842263648726456,1.0150971456636166
3,15,gender,-0.0016997040233395076,0.000581788588847717,1.0150971456636166
4,15,juvenilecrime,0.015482816206065982,0.0007204120820282746,1.0150971456636166
5,15,currentcharge,6.490592790404812e-05,0.00029086009360643596,1.0150971456636166
