,model_id,var_names,sage_value_unadjusted,sage_sd,perf_metric
0,112,age,-0.0011352722226795132,0.0009329351056486063,1.026181252783615
1,112,race,0.0009010935839476306,9.025348758156451e-05,1.026181252783615
2,112,prior,0.01739208811537233,0.0009760152027002132,1.026181252783615
3,112,gender,-0.0021311800878376762,0.0005224367725225555,1.026181252783615
4,112,juvenilecrime,0.011585161308946313,0.0003672093757169452,1.026181252783615
5,112,currentcharge,-0.0006998617933717788,0.0002727307841387456,1.026181252783615
