,model_id,var_names,sage_value_unadjusted,sage_sd,perf_metric
0,200,age,0.0020307067902541986,0.0005433683216887597,1.0143575892096235
1,200,race,-0.00903330277855004,0.0012475653004268125,1.0143575892096235
2,200,prior,0.013987773262306104,0.0007167825082989676,1.0143575892096235
3,200,gender,-0.0016331229638187645,0.0006003641445403476,1.0143575892096235
4,200,juvenilecrime,0.015966405291490123,0.0007629378613933264,1.0143575892096235
5,200,currentcharge,-0.00036506598577983225,0.00030204720528827765,1.0143575892096235
