,model_id,var_names,sage_value_unadjusted,sage_sd,perf_metric
0,36,age,0.003277491260259883,0.001251932012003328,1.0385150955516107
1,36,race,0.002455839187007991,0.0004960287885963896,1.0385150955516107
2,36,prior,0.016979136890561724,0.001345269402472132,1.0385150955516107
3,36,gender,0.0005816141320652854,0.000682207540100932,1.0385150955516107
4,36,juvenilecrime,0.017022732479074647,0.0015304959896648095,1.0385150955516107
5,36,currentcharge,-0.01386859352314701,0.001428131056492068,1.0385150955516107
