,model_id,var_names,sage_value_unadjusted,sage_sd,perf_metric
0,70,age,0.001533291261744918,0.0006876051323823775,1.0272306737077055
1,70,race,-0.012080419958191535,0.0014323195338416708,1.0272306737077055
2,70,prior,0.012964224402103349,0.0009459999729455644,1.0272306737077055
3,70,gender,0.00012112892859110803,0.0002861941751071024,1.0272306737077055
4,70,juvenilecrime,0.0169449820948708,0.0013034717171020692,1.0272306737077055
5,70,currentcharge,-0.001208349248351637,0.0003910006247198484,1.0272306737077055
