,model_id,var_names,sage_value_unadjusted,sage_sd,perf_metric
0,248,age,0.0018338817841945076,0.0007634207148766251,1.0193989810826636
1,248,race,0.00030631533772704185,0.0006099377676234183,1.0193989810826636
2,248,prior,0.008801761087754168,0.0015338094490339358,1.0193989810826636
3,248,gender,-0.0019362778809329966,0.0006001601630332223,1.0193989810826636
4,248,juvenilecrime,0.012209203247024937,0.0005739869704119126,1.0193989810826636
5,248,currentcharge,-0.018771799093579056,0.00119910253687681,1.0193989810826636
