,model_id,var_names,sage_value_unadjusted,sage_sd,perf_metric
0,116,age,0.002232642378015746,0.00026777479701417056,1.034035961468621
1,116,race,-0.012182082426807756,0.0011348856889596914,1.034035961468621
2,116,prior,0.012979878028837155,0.0012526353276671913,1.034035961468621
3,116,gender,-0.004086426172009122,0.0003517546905440547,1.034035961468621
4,116,juvenilecrime,0.01263436124201518,0.00046183771577735307,1.034035961468621
5,116,currentcharge,-0.0002582646047837194,0.00015703685848974123,1.034035961468621
