,model_id,var_names,sage_value_unadjusted,sage_sd,perf_metric
0,12,age,0.0032599897008980068,0.0004624340239695169,1.0005194897740843
1,12,race,0.0012456999268340456,0.00037504142221927067,1.0005194897740843
2,12,prior,0.015529113632655361,0.0008285548429494943,1.0005194897740843
3,12,gender,0.0004203350660688284,0.0003815693496744775,1.0005194897740843
4,12,juvenilecrime,0.01644725723809119,0.0005497645830547028,1.0005194897740843
5,12,currentcharge,-0.0001276682000992974,0.00025394779056721735,1.0005194897740843
