,model_id,var_names,sage_value_unadjusted,sage_sd,perf_metric
0,120,age,0.0019397935842613608,0.0004896519993159302,1.0303967234059237
1,120,race,-0.000493960856115561,0.0005657877346228329,1.0303967234059237
2,120,prior,0.014974504853681474,0.0012394675982024409,1.0303967234059237
3,120,gender,-0.004863666388532642,0.00042200550531935785,1.0303967234059237
4,120,juvenilecrime,0.019937964155202804,0.0010497119289349787,1.0303967234059237
5,120,currentcharge,-0.0015340141272063125,0.0002312609500532635,1.0303967234059237
