,model_id,var_names,sage_value_unadjusted,sage_sd,perf_metric
0,224,age,0.0021539113121833,0.0004609207263242966,1.0111333534150535
1,224,race,-0.0018180043759576858,0.0005366694997983348,1.0111333534150535
2,224,prior,0.015351316048023117,0.0008833092156417301,1.0111333534150535
3,224,gender,0.00016785165964114973,2.5364053123160754e-05,1.0111333534150535
4,224,juvenilecrime,0.0158889659439612,0.0004717983197028849,1.0111333534150535
5,224,currentcharge,-0.0006918015863305989,0.0002226884927577796,1.0111333534150535
