,model_id,var_names,sage_value_unadjusted,sage_sd,perf_metric
0,218,age,0.0011991476337144566,0.001427242074513658,1.048593017878731
1,218,race,0.0024008294203368384,0.0004518499391566376,1.048593017878731
2,218,prior,0.01818215609779807,0.001352715141051939,1.048593017878731
3,218,gender,0.0010622537240195526,0.0007265565994673821,1.048593017878731
4,218,juvenilecrime,0.02097978043699545,0.0016424922850907092,1.048593017878731
5,218,currentcharge,-0.01605251092262028,0.0017939355557297686,1.048593017878731
