,model_id,var_names,sage_value_unadjusted,sage_sd,perf_metric
0,53,age,0.0019056280946920788,0.0006550881904896556,1.010560985418709
1,53,race,-0.00312489090097204,0.0010883573726889718,1.010560985418709
2,53,prior,0.012182302520137741,0.0007987237698756992,1.010560985418709
3,53,gender,0.0003012179650496908,0.0002816800533550533,1.010560985418709
4,53,juvenilecrime,0.018624353551472697,0.0011474307682687636,1.010560985418709
5,53,currentcharge,-0.004475990725626163,0.0008162460252293627,1.010560985418709
