,model_id,var_names,sage_value_unadjusted,sage_sd,perf_metric
0,133,age,0.002672773785418203,0.0009423541259543002,1.0317417675035983
1,133,race,-0.0031921605934897594,0.0010852419935543957,1.0317417675035983
2,133,prior,0.011866209252009421,0.0006002019945161432,1.0317417675035983
3,133,gender,-0.020203518301730086,0.0017704795990762686,1.0317417675035983
4,133,juvenilecrime,0.01528578708246745,0.0007207637688337787,1.0317417675035983
5,133,currentcharge,0.000240113817681797,0.00011497237758794866,1.0317417675035983
