,model_id,var_names,sage_value_unadjusted,sage_sd,perf_metric
0,96,age,0.0026367057989308525,0.0004686067909750323,1.0007183161159612
1,96,race,-0.00017934973717934045,0.0005426796427417106,1.0007183161159612
2,96,prior,0.01566360618382615,0.0008744811066297042,1.0007183161159612
3,96,gender,-0.0004132783576083934,0.00037890552113916185,1.0007183161159612
4,96,juvenilecrime,0.016732092011947253,0.0005505751296163887,1.0007183161159612
5,96,currentcharge,-0.0007625907571753435,0.0002930586304086902,1.0007183161159612
