,model_id,var_names,sage_value_unadjusted,sage_sd,perf_metric
0,207,age,0.0024143169172699463,0.0008279553731159138,1.0091941314714914
1,207,race,-0.0010425624159470129,0.0008599436626617551,1.0091941314714914
2,207,prior,0.014883358989809418,0.000879205146274848,1.0091941314714914
3,207,gender,-0.0072794068440259025,0.0011069282357728018,1.0091941314714914
4,207,juvenilecrime,0.015101295223094167,0.0007688810139615269,1.0091941314714914
5,207,currentcharge,0.0005854884937665475,0.00023856558636276384,1.0091941314714914
