,model_id,var_names,sage_value_unadjusted,sage_sd,perf_metric
0,94,age,0.002886999161484296,0.000705328046891549,1.0016208726213336
1,94,race,0.001132078654593112,0.0005118612029981913,1.0016208726213336
2,94,prior,0.016468156532301485,0.0009834031970719647,1.0016208726213336
3,94,gender,-0.0003718900822836418,0.00042035061470004455,1.0016208726213336
4,94,juvenilecrime,0.019584369884123366,0.0008569187293013409,1.0016208726213336
5,94,currentcharge,-0.00026925684412192806,0.0002219112079908366,1.0016208726213336
