,model_id,var_names,sage_value_unadjusted,sage_sd,perf_metric
0,168,age,0.0024051803021636715,0.00044807642651135656,1.0024664617709995
1,168,race,4.345467394484691e-05,0.00038441592700814715,1.0024664617709995
2,168,prior,0.014465478212378029,0.0008304657346124968,1.0024664617709995
3,168,gender,-0.0010837730879862506,0.00031940108217224544,1.0024664617709995
4,168,juvenilecrime,0.01510868917901191,0.0004025333972407324,1.0024664617709995
5,168,currentcharge,-0.0015201538245263155,0.0002622833658585877,1.0024664617709995
