,model_id,var_names,sage_value_unadjusted,sage_sd,perf_metric
0,29,age,0.0008473631615718961,0.0006963934080815386,1.0389972317959602
1,29,race,-0.013904857436212174,0.0015466770652194746,1.0389972317959602
2,29,prior,0.012142321641190626,0.0008825619620358771,1.0389972317959602
3,29,gender,0.0006846786743269901,0.00023924217337582292,1.0389972317959602
4,29,juvenilecrime,0.017059027737832747,0.00137266618084806,1.0389972317959602
5,29,currentcharge,-0.0011505570372529184,0.0003840912125938605,1.0389972317959602
