,model_id,var_names,sage_value_unadjusted,sage_sd,perf_metric
0,179,age,0.0005029863482773798,0.00046056330529493906,1.0346512273079236
1,179,race,-0.0011766341035420486,0.0002974234576088315,1.0346512273079236
2,179,prior,0.008471661912269026,0.0008297987209572264,1.0346512273079236
3,179,gender,-0.00817096661913907,0.0004700827529976698,1.0346512273079236
4,179,juvenilecrime,0.00770500484388451,0.00016024378022433083,1.0346512273079236
5,179,currentcharge,-0.005770481794407816,0.00035831988279490555,1.0346512273079236
