,model_id,var_names,sage_value_unadjusted,sage_sd,perf_metric
0,73,age,0.0022743057221934655,0.00046315495143980386,1.0104470465119377
1,73,race,0.0004728152084729561,0.00034905179824820426,1.0104470465119377
2,73,prior,0.013179971719252146,0.0008345166366432193,1.0104470465119377
3,73,gender,-0.0035148160690073533,0.0004185004034819523,1.0104470465119377
4,73,juvenilecrime,0.012239060103994384,0.0003082255634581089,1.0104470465119377
5,73,currentcharge,-0.003242184005214883,0.00032469514572207623,1.0104470465119377
