,model_id,var_names,sage_value_unadjusted,sage_sd,perf_metric
0,137,age,-0.003471861755464409,0.0007685440467376115,1.0337464417264512
1,137,race,0.0021748783986965743,0.00029298102074563003,1.0337464417264512
2,137,prior,0.006843167683146111,0.00014229363938922666,1.0337464417264512
3,137,gender,-0.00270398905380362,0.0004092931417190979,1.0337464417264512
4,137,juvenilecrime,0.011913074841940088,0.00023049435196540005,1.0337464417264512
5,137,currentcharge,-0.00021743607805814206,0.00025092051483811763,1.0337464417264512
