,model_id,var_names,sage_value_unadjusted,sage_sd,perf_metric
0,231,age,0.0018277582500675165,0.0005147026837173418,1.043836954669397
1,231,race,-0.02414913858218021,0.0019955128055764164,1.043836954669397
2,231,prior,0.009791664619754501,0.000505087186243088,1.043836954669397
3,231,gender,-0.004060340510136485,0.0008325699968732083,1.043836954669397
4,231,juvenilecrime,0.016378469218266578,0.0008660092543239906,1.043836954669397
5,231,currentcharge,-5.8906671595791764e-05,0.0003069468675671693,1.043836954669397
