,model_id,var_names,sage_value_unadjusted,sage_sd,perf_metric
0,72,age,0.000591162852986211,0.0010134950285619999,1.017305208691327
1,72,race,0.0016493694559838589,0.00037952565814635347,1.017305208691327
2,72,prior,0.010927646815945104,0.0006672240369506013,1.017305208691327
3,72,gender,-9.778122558481357e-05,0.0006221924499545806,1.017305208691327
4,72,juvenilecrime,0.019117416681593755,0.0014954402930779562,1.017305208691327
5,72,currentcharge,-0.011097543294657133,0.001322994674342674,1.017305208691327
