,model_id,var_names,sage_value_unadjusted,sage_sd,perf_metric
0,153,age,0.0023255004507318506,0.0006877415027128391,1.019199802004034
1,153,race,-0.0007088080993524179,0.0005255055502644636,1.019199802004034
2,153,prior,0.010562993259989082,0.0013197502237056,1.019199802004034
3,153,gender,-0.0021539846015608396,0.0005164353894556518,1.019199802004034
4,153,juvenilecrime,0.012323733667177362,0.0004946718092829377,1.019199802004034
5,153,currentcharge,-0.014182873994147756,0.0010268886919163147,1.019199802004034
