,model_id,var_names,sage_value_unadjusted,sage_sd,perf_metric
0,177,age,0.0023384804389391996,0.0007714397276200566,1.0065739415027506
1,177,race,-0.00394740924213336,0.0011089551213762036,1.0065739415027506
2,177,prior,0.015001825978071733,0.001163087954427462,1.0065739415027506
3,177,gender,0.0006705722968559832,0.00040882943916904904,1.0065739415027506
4,177,juvenilecrime,0.019448684450495014,0.0011551716789975643,1.0065739415027506
5,177,currentcharge,-0.0007794495284282697,0.0004131333630510966,1.0065739415027506
