,model_id,var_names,sage_value_unadjusted,sage_sd,perf_metric
0,9,age,0.002854954809600909,0.00037342496428823023,1.0070819610966188
1,9,race,-0.003738511019667483,0.0007013140368271492,1.0070819610966188
2,9,prior,0.01552346802071499,0.0009598520756825419,1.0070819610966188
3,9,gender,0.00024076163142025816,3.2974465312642556e-05,1.0070819610966188
4,9,juvenilecrime,0.014844536898341231,0.0005067857100053155,1.0070819610966188
5,9,currentcharge,-0.00010709571448769444,0.0002052167032270289,1.0070819610966188
