,model_id,var_names,sage_value_unadjusted,sage_sd,perf_metric
0,59,age,0.0006843183098423723,0.0006849195205870754,1.0077443408189026
1,59,race,0.0015493633307779682,0.00023687303749359953,1.0077443408189026
2,59,prior,0.016037768908634006,0.0008519757352573537,1.0077443408189026
3,59,gender,-0.0011452380635284842,0.0004029658837517986,1.0077443408189026
4,59,juvenilecrime,0.0137461375621758,0.0004332406817925368,1.0077443408189026
5,59,currentcharge,-0.0004527341533266566,0.00024969986159820796,1.0077443408189026
