,model_id,var_names,sage_value_unadjusted,sage_sd,perf_metric
0,239,age,0.002406523505963323,0.00045508165895612304,1.0031768430871624
1,239,race,0.0006270674524634256,0.0004970636401371042,1.0031768430871624
2,239,prior,0.014332938264559197,0.0009989825477249958,1.0031768430871624
3,239,gender,-0.0045922480746581045,0.000696610772450455,1.0031768430871624
4,239,juvenilecrime,0.015512917367685567,0.0005872010577745738,1.0031768430871624
5,239,currentcharge,-0.0004033497805989099,0.0003122822944130731,1.0031768430871624
