,model_id,var_names,sage_value_unadjusted,sage_sd,perf_metric
0,104,age,0.004009050632976936,0.00044533235259568366,1.0156210408667539
1,104,race,0.0002816429120228728,2.9851871154235906e-05,1.0156210408667539
2,104,prior,0.0173325944859662,0.001017186225447377,1.0156210408667539
3,104,gender,-0.0031097248795982856,0.000845024219115521,1.0156210408667539
4,104,juvenilecrime,0.013475722007995595,0.0005209525194023488,1.0156210408667539
5,104,currentcharge,5.66709398708935e-05,0.0002839837063284421,1.0156210408667539
