,model_id,var_names,sage_value_unadjusted,sage_sd,perf_metric
0,220,age,0.0012302150469743404,0.001023401896663017,1.0221322294323678
1,220,race,0.0013776804616986201,0.0003479429242132696,1.0221322294323678
2,220,prior,0.009553569930572058,0.0005978566470261896,1.0221322294323678
3,220,gender,9.173105071366648e-05,0.0006766364913442248,1.0221322294323678
4,220,juvenilecrime,0.023044016904902428,0.0016322161498524635,1.0221322294323678
5,220,currentcharge,-0.009865166034340895,0.0015412229846423428,1.0221322294323678
