,model_id,var_names,sage_value_unadjusted,sage_sd,perf_metric
0,178,age,0.0012546147448057193,0.0007405542527722183,1.001908397814366
1,178,race,0.0007337846182286632,0.0005444237713763293,1.001908397814366
2,178,prior,0.015099909232369025,0.0010089348196391872,1.001908397814366
3,178,gender,-0.00038883603925788675,0.0004936350628419165,1.001908397814366
4,178,juvenilecrime,0.01808139848885121,0.0009799218380164064,1.001908397814366
5,178,currentcharge,-0.0021897094847406003,0.0006150270931181444,1.001908397814366
