,model_id,var_names,sage_value_unadjusted,sage_sd,perf_metric
0,77,age,0.001750661911883007,0.000550651049640689,1.0469121300728619
1,77,race,0.0003056476287784323,0.0006678503623462303,1.0469121300728619
2,77,prior,0.01668745601107616,0.0015122233444112287,1.0469121300728619
3,77,gender,-0.009160139387207314,0.0007230017631305931,1.0469121300728619
4,77,juvenilecrime,0.021357470736379544,0.0013293129370543825,1.0469121300728619
5,77,currentcharge,-0.002604968198732146,0.00041850154150887745,1.0469121300728619
