,model_id,var_names,sage_value_unadjusted,sage_sd,perf_metric
0,215,age,0.0032305338989049278,0.0003606276603696566,1.0252726001928958
1,215,race,-0.001427726118664539,0.00013525103598640764,1.0252726001928958
2,215,prior,0.01762523440537311,0.0009697151800053492,1.0252726001928958
3,215,gender,-0.0020386018146617544,0.0009418542519990017,1.0252726001928958
4,215,juvenilecrime,0.012165907492116459,0.0004329569038137571,1.0252726001928958
5,215,currentcharge,0.0007059653432046731,0.00025726099494777894,1.0252726001928958
