,model_id,var_names,sage_value_unadjusted,sage_sd,perf_metric
0,171,age,0.0013734307605268847,0.0005600562409213886,1.0297862252908083
1,171,race,-0.006089440599244445,0.000712106817746013,1.0297862252908083
2,171,prior,0.012735113065662029,0.0011166083386223542,1.0297862252908083
3,171,gender,-0.0016944032523647592,0.0001495869767902926,1.0297862252908083
4,171,juvenilecrime,0.016292305659740703,0.0005121371765301633,1.0297862252908083
5,171,currentcharge,-0.0008792775654181025,0.0002496195569598495,1.0297862252908083
