,model_id,var_names,sage_value_unadjusted,sage_sd,perf_metric
0,74,age,-0.005643948724129379,0.0007769813849930323,1.0488204001862547
1,74,race,0.002451369345957432,0.0002549465836062683,1.0488204001862547
2,74,prior,0.002070714048201321,3.508164378617752e-05,1.0488204001862547
3,74,gender,-0.002620415624373863,0.00039900366178778775,1.0488204001862547
4,74,juvenilecrime,0.00993675883150289,0.0001669980272000705,1.0488204001862547
5,74,currentcharge,-0.0004033174763285122,0.00023639460651101856,1.0488204001862547
