,model_id,var_names,sage_value_unadjusted,sage_sd,perf_metric
0,16,age,0.0026068726195134072,0.0007577667421032822,1.0043877637400203
1,16,race,-0.0033850596126025014,0.000993664369870812,1.0043877637400203
2,16,prior,0.014719078116216758,0.0011388187612489163,1.0043877637400203
3,16,gender,0.00016105993676556376,0.00041044584491536955,1.0043877637400203
4,16,juvenilecrime,0.019634101095780006,0.0010631838229896067,1.0043877637400203
5,16,currentcharge,-0.0007299011106531194,0.0003963030886626654,1.0043877637400203
