,model_id,var_names,sage_value_unadjusted,sage_sd,perf_metric
0,86,age,0.0026531876417084286,0.000376583684096663,1.0105434356030403
1,86,race,-0.004384817359670521,0.0008009031574641459,1.0105434356030403
2,86,prior,0.016472171953977426,0.0010428046402321171,1.0105434356030403
3,86,gender,-0.00022267219351173806,3.2547322988706797e-05,1.0105434356030403
4,86,juvenilecrime,0.014877266716562748,0.0005165808260131239,1.0105434356030403
5,86,currentcharge,6.935034871754419e-05,0.00020384404669324826,1.0105434356030403
