,model_id,var_names,sage_value_unadjusted,sage_sd,perf_metric
0,41,age,0.0017310909255186988,0.0005847006027586582,1.0089726825603398
1,41,race,-0.0034692328473917636,0.000826648825507833,1.0089726825603398
2,41,prior,0.012457279700748367,0.0006564380193918283,1.0089726825603398
3,41,gender,0.0003729325459709609,0.00023240200557076741,1.0089726825603398
4,41,juvenilecrime,0.014455034182972285,0.0008896189983148222,1.0089726825603398
5,41,currentcharge,-0.003029169988094588,0.0006162731442499302,1.0089726825603398
