,model_id,var_names,sage_value_unadjusted,sage_sd,perf_metric
0,5,age,0.0017486025325253258,0.0014201399388125522,1.044544208154798
1,5,race,0.0024813688074054544,0.00048082898421223015,1.044544208154798
2,5,prior,0.017352144524052267,0.0013794350796514482,1.044544208154798
3,5,gender,-4.8343807264906934e-05,0.0007209568149906852,1.044544208154798
4,5,juvenilecrime,0.022158918343491922,0.00160455401873641,1.044544208154798
5,5,currentcharge,-0.013858726187775632,0.0016923890614612938,1.044544208154798
