,model_id,var_names,sage_value_unadjusted,sage_sd,perf_metric
0,176,age,0.003871815510596624,0.0008718549677873145,1.0163186273217542
1,176,race,-0.0009467933025909734,0.0009372266913257052,1.0163186273217542
2,176,prior,0.01313274771158256,0.0007711910062576301,1.0163186273217542
3,176,gender,-0.011436712984496545,0.0013522401140203233,1.0163186273217542
4,176,juvenilecrime,0.01565951227442688,0.0007368088451883857,1.0163186273217542
5,176,currentcharge,0.00042774909468597174,0.0001914133917337631,1.0163186273217542
