,model_id,var_names,sage_value_unadjusted,sage_sd,perf_metric
0,173,age,0.001616295857415598,0.000505167155255814,1.0381752795295718
1,173,race,8.402589320703019e-05,0.0005969460097222103,1.0381752795295718
2,173,prior,0.016202207331062108,0.0013295381446242062,1.0381752795295718
3,173,gender,-0.0072752281031118774,0.0005461293361614938,1.0381752795295718
4,173,juvenilecrime,0.01938639810537637,0.0011359594682970563,1.0381752795295718
5,173,currentcharge,-0.001899732348570905,0.00031074609503761063,1.0381752795295718
