,model_id,var_names,sage_value_unadjusted,sage_sd,perf_metric
0,37,age,-0.0017923854243455106,0.0008234107983779877,1.0175970566037968
1,37,race,0.0012316569294817217,0.00014628172514072931,1.0175970566037968
2,37,prior,0.016126936108750885,0.0008946928326429067,1.0175970566037968
3,37,gender,-0.0017026985879032236,0.00045769357298373095,1.0175970566037968
4,37,juvenilecrime,0.012189239865674906,0.0003852018014675137,1.0175970566037968
5,37,currentcharge,-0.00048419497793763714,0.00025501199535902727,1.0175970566037968
