,model_id,var_names,sage_value_unadjusted,sage_sd,perf_metric
0,121,age,0.0022630904139955394,0.0006437544131989485,1.011349434601473
1,121,race,0.00067520212340224,0.0004971487363451149,1.011349434601473
2,121,prior,0.013513576834134447,0.001167975826464163,1.011349434601473
3,121,gender,-0.0011586933829492551,0.000461892911147427,1.011349434601473
4,121,juvenilecrime,0.012952552818334243,0.0005163634622715207,1.011349434601473
5,121,currentcharge,-0.009946274025436425,0.0008112095713489532,1.011349434601473
