,model_id,var_names,sage_value_unadjusted,sage_sd,perf_metric
0,85,age,0.002453694678805908,0.0005069001174791083,1.0032772872743458
1,85,race,0.0008752348985321256,0.0004351203499186028,1.0032772872743458
2,85,prior,0.01735777574261166,0.0009504098865433378,1.0032772872743458
3,85,gender,-0.0007928021235339018,0.00036423102980297103,1.0032772872743458
4,85,juvenilecrime,0.015526543793301466,0.0004381400512762995,1.0032772872743458
5,85,currentcharge,-0.0016949046395446574,0.0003027884993931413,1.0032772872743458
