,model_id,var_names,sage_value_unadjusted,sage_sd,perf_metric
0,79,age,0.0023052883852547053,0.0003716844320928841,1.0112503796546959
1,79,race,-0.005733545068897386,0.0009249681443030988,1.0112503796546959
2,79,prior,0.016022660538491794,0.0010795303169929826,1.0112503796546959
3,79,gender,-0.0010470668563622115,0.0005695046827763687,1.0112503796546959
4,79,juvenilecrime,0.012749386011391457,0.0004806055987074182,1.0112503796546959
5,79,currentcharge,-0.0018246704848658899,0.00042313577501423345,1.0112503796546959
