,model_id,var_names,sage_value_unadjusted,sage_sd,perf_metric
0,126,age,0.003048288650651661,0.0012587424698053294,1.0328022315001877
1,126,race,0.002108687601818923,0.0005566487000801354,1.0328022315001877
2,126,prior,0.01695269595038748,0.0014423516455038404,1.0328022315001877
3,126,gender,0.0013934790279682878,0.000717758898174155,1.0328022315001877
4,126,juvenilecrime,0.021327797576489935,0.0015298850779253965,1.0328022315001877
5,126,currentcharge,-0.009977559477479919,0.00131165336028564,1.0328022315001877
