,model_id,var_names,sage_value_unadjusted,sage_sd,perf_metric
0,243,age,0.001935942959911922,0.000756320140503322,1.026690948629242
1,243,race,-0.012447761393689345,0.0015209891681860059,1.026690948629242
2,243,prior,0.013123585471559777,0.0010216870185048444,1.026690948629242
3,243,gender,0.00016545110047040126,0.0003062420187900838,1.026690948629242
4,243,juvenilecrime,0.018207700930101954,0.001379107699092348,1.026690948629242
5,243,currentcharge,-0.0005268828706768544,0.0004168043863740715,1.026690948629242
