,model_id,var_names,sage_value_unadjusted,sage_sd,perf_metric
0,180,age,-0.0029514896012954937,0.0007513425056021964,1.0264573180093588
1,180,race,0.0017681178267356316,0.00030354261467379625,1.0264573180093588
2,180,prior,0.009056272029788896,0.00020436173433448544,1.0264573180093588
3,180,gender,-0.0016520203907258227,0.00039841658484695663,1.0264573180093588
4,180,juvenilecrime,0.012183631383710062,0.00026043028397333256,1.0264573180093588
5,180,currentcharge,-0.00018443118170724133,0.00024915047314390346,1.0264573180093588
