,model_id,var_names,sage_value_unadjusted,sage_sd,perf_metric
0,175,age,0.0036177955915246028,0.0005814113216420807,1.017862235295321
1,175,race,0.0004320147873676187,5.2420398440019825e-05,1.017862235295321
2,175,prior,0.017313733710551373,0.0008741212989433817,1.017862235295321
3,175,gender,-4.972703917007517e-05,7.525223386254907e-06,1.017862235295321
4,175,juvenilecrime,0.01747115420923868,0.0006531604755499743,1.017862235295321
5,175,currentcharge,2.2944436105470613e-05,0.0003813084800071431,1.017862235295321
