,model_id,var_names,sage_value_unadjusted,sage_sd,perf_metric
0,0,age,1.9553598848705278e-05,0.0008778525856240185,1.0280150375677426
1,0,race,0.0008369834943583575,0.0005010326551117988,1.0280150375677426
2,0,prior,0.017882993452513294,0.0010345903055273633,1.0280150375677426
3,0,gender,0.0006997282419009453,0.00020888286648706593,1.0280150375677426
4,0,juvenilecrime,0.0030865710235783743,7.261484497837898e-05,1.0280150375677426
5,0,currentcharge,-0.0028157697570034205,0.00025250763911196725,1.0280150375677426
