,model_id,var_names,sage_value_unadjusted,sage_sd,perf_metric
0,160,age,0.0019219590801713776,0.000571074744884314,1.0004028168876486
1,160,race,-0.0011961505954779484,0.0005875710023091187,1.0004028168876486
2,160,prior,0.013217761861157772,0.0009121506765240743,1.0004028168876486
3,160,gender,5.321214705031491e-05,0.00035225330140000973,1.0004028168876486
4,160,juvenilecrime,0.01714150686204198,0.0007154699179532534,1.0004028168876486
5,160,currentcharge,-0.0012323296304162866,0.00037090666330578297,1.0004028168876486
