,model_id,var_names,sage_value_unadjusted,sage_sd,perf_metric
0,193,age,0.000291387530567368,0.0003692219714203871,1.032445864206006
1,193,race,-0.0028545350132115205,0.0002761735234825613,1.032445864206006
2,193,prior,0.0011339253021692367,0.0007590217832476314,1.032445864206006
3,193,gender,-0.004724714576407671,0.00028233548440081627,1.032445864206006
4,193,juvenilecrime,0.00942847707910656,0.00015136410076510798,1.032445864206006
5,193,currentcharge,-0.005771820417305736,0.00024318847566561738,1.032445864206006
