,model_id,var_names,sage_value_unadjusted,sage_sd,perf_metric
0,109,age,0.0023589267928383084,0.0005974104723946138,1.0004249650905728
1,109,race,-5.2204641471896194e-05,0.0005542143306533543,1.0004249650905728
2,109,prior,0.01605160747908879,0.0009180744433753883,1.0004249650905728
3,109,gender,-0.00147337186956468,0.0004907251118805245,1.0004249650905728
4,109,juvenilecrime,0.016943349800337407,0.0006578837823118236,1.0004249650905728
5,109,currentcharge,-0.00033505792797162645,0.00027973766284675536,1.0004249650905728
