,model_id,var_names,sage_value_unadjusted,sage_sd,perf_metric
0,157,age,0.002263115109276172,0.0007518461215567712,1.0079016971950354
1,157,race,-0.004335003102656591,0.0011365200480019,1.0079016971950354
2,157,prior,0.015214594959223919,0.0011293128960865098,1.0079016971950354
3,157,gender,0.0002731595361254688,0.0003967124787483456,1.0079016971950354
4,157,juvenilecrime,0.01879070896569536,0.0011476826784312612,1.0079016971950354
5,157,currentcharge,-0.00035749268413905546,0.0004085242114846862,1.0079016971950354
