,model_id,var_names,sage_value_unadjusted,sage_sd,perf_metric
0,213,age,0.0010956731719705402,0.0003810583728862177,1.0169029119745907
1,213,race,-0.001976320656809226,0.000298002036496525,1.0169029119745907
2,213,prior,0.007383116231727332,0.0007561720785978811,1.0169029119745907
3,213,gender,-0.002721593466275788,0.0002837501035443922,1.0169029119745907
4,213,juvenilecrime,0.011366195065791581,0.00021229448261048475,1.0169029119745907
5,213,currentcharge,-0.003787263386558581,0.00024204912484623116,1.0169029119745907
