,model_id,var_names,sage_value_unadjusted,sage_sd,perf_metric
0,147,age,-0.002747987764247422,0.0009274182801848045,1.0416891626999452
1,147,race,-5.37467267467044e-05,4.412256146667543e-06,1.0416891626999452
2,147,prior,0.015844082618625095,0.0008987734680230003,1.0416891626999452
3,147,gender,-0.0028342733552153064,0.0005098039275874436,1.0416891626999452
4,147,juvenilecrime,0.010117217917691552,0.00027120569040132384,1.0416891626999452
5,147,currentcharge,-0.0008805559085509001,0.0002449229170035364,1.0416891626999452
