,model_id,var_names,sage_value_unadjusted,sage_sd,perf_metric
0,144,age,0.0037417767856422974,0.0006298200009221398,1.0252093111641178
1,144,race,-0.0005043130049774711,5.4729347351061736e-05,1.0252093111641178
2,144,prior,0.017781098272658637,0.0009240399773405439,1.0252093111641178
3,144,gender,-0.0007824276703121067,0.00010288474530506853,1.0252093111641178
4,144,juvenilecrime,0.01770841354040345,0.0007055157271799395,1.0252093111641178
5,144,currentcharge,-0.00029501669632223804,0.0004323364426652231,1.0252093111641178
