,model_id,var_names,sage_value_unadjusted,sage_sd,perf_metric
0,91,age,0.0022373307207064273,0.0009122817439761314,1.037194760486358
1,91,race,-0.002931331301721269,0.0010333048851857195,1.037194760486358
2,91,prior,0.010073328586601116,0.0005025512922021996,1.037194760486358
3,91,gender,-0.02176004680807664,0.001737754571333592,1.037194760486358
4,91,juvenilecrime,0.013455838607807,0.0006485380999747523,1.037194760486358
5,91,currentcharge,0.00031182326994484244,8.366167822530575e-05,1.037194760486358
