,model_id,var_names,sage_value_unadjusted,sage_sd,perf_metric
0,184,age,0.0019051980673859825,0.0007145010182749079,1.0177218670383041
1,184,race,-0.004169946495669068,0.001255075182242182,1.0177218670383041
2,184,prior,0.011836977124297736,0.0006872189828332486,1.0177218670383041
3,184,gender,0.0002895933286819519,0.00022564679226937977,1.0177218670383041
4,184,juvenilecrime,0.0185553069634473,0.0012554070649332207,1.0177218670383041
5,184,currentcharge,-0.007215095180082367,0.0009846071098788653,1.0177218670383041
