,model_id,var_names,sage_value_unadjusted,sage_sd,perf_metric
0,194,age,0.001848186350498001,0.0008170027694448896,1.0111523335386647
1,194,race,0.0019205456895967732,0.0003628263444067025,1.0111523335386647
2,194,prior,0.01415746217130389,0.0007484638620199862,1.0111523335386647
3,194,gender,0.00015504024319058535,0.0004088238686125525,1.0111523335386647
4,194,juvenilecrime,0.020563085848637988,0.0010137180294518746,1.0111523335386647
5,194,currentcharge,-4.7224355681509806e-05,1.010696835230382e-05,1.0111523335386647
