,model_id,var_names,sage_value_unadjusted,sage_sd,perf_metric
0,115,age,-0.003313815174182908,0.0007658373506190913,1.0295874819783977
1,115,race,0.002278788616559808,0.00030243809339277846,1.0295874819783977
2,115,prior,0.008279455375307948,0.00017838868292320356,1.0295874819783977
3,115,gender,-0.0018827153464930238,0.0004085360373631681,1.0295874819783977
4,115,juvenilecrime,0.012026275666018847,0.0002496964366959953,1.0295874819783977
5,115,currentcharge,-8.164983518277956e-05,0.00025285484866972087,1.0295874819783977
