,model_id,var_names,sage_value_unadjusted,sage_sd,perf_metric
0,44,age,0.0036051472245069403,0.0004647167819230001,1.0032035508503634
1,44,race,0.0009823100701222554,0.00025775111303596375,1.0032035508503634
2,44,prior,0.016454513284382716,0.0010457426308519233,1.0032035508503634
3,44,gender,-0.001134665029675058,0.00047017887413632596,1.0032035508503634
4,44,juvenilecrime,0.019924671415649117,0.0007868605831854566,1.0032035508503634
5,44,currentcharge,-0.0010972746503436618,0.00033027443861910184,1.0032035508503634
