,model_id,var_names,sage_value_unadjusted,sage_sd,perf_metric
0,141,age,0.0016545799521939357,0.00019542289850262454,1.0450531964081593
1,141,race,-0.006092262306778676,0.00037900116976849723,1.0450531964081593
2,141,prior,0.010462194390323946,0.0011708675660960567,1.0450531964081593
3,141,gender,-0.004849769859881246,0.0006640839736615074,1.0450531964081593
4,141,juvenilecrime,0.017413325153021172,0.001041430603528669,1.0450531964081593
5,141,currentcharge,-0.002648878452503017,0.0003789951949864619,1.0450531964081593
