,model_id,var_names,sage_value_unadjusted,sage_sd,perf_metric
0,60,age,0.0006875085257076395,0.0009603002727795283,1.0039761847364121
1,60,race,0.0008547454342236004,0.0006272703809193435,1.0039761847364121
2,60,prior,0.018387248008404185,0.0009037974077908576,1.0039761847364121
3,60,gender,-0.0004931713046193037,0.0005831882256433194,1.0039761847364121
4,60,juvenilecrime,0.016335397641611533,0.0007169335674495603,1.0039761847364121
5,60,currentcharge,-0.0008960861359530606,0.00041937604235214756,1.0039761847364121
