,model_id,var_names,sage_value_unadjusted,sage_sd,perf_metric
0,229,age,0.0034044581490237772,0.0004636977914132388,1.0093676402493488
1,229,race,-0.0009687912300699742,0.000599397688987168,1.0093676402493488
2,229,prior,0.011738581610438708,0.0012681891177230313,1.0093676402493488
3,229,gender,-0.010789094123372256,0.001145901445262653,1.0093676402493488
4,229,juvenilecrime,0.014649296000001411,0.0006579660990987136,1.0093676402493488
5,229,currentcharge,-0.000649187452087027,0.00039456404230750285,1.0093676402493488
