,model_id,var_names,sage_value_unadjusted,sage_sd,perf_metric
0,65,age,0.002426206378243708,0.0003524883968867218,1.0116765132340177
1,65,race,0.00024962133601016403,3.0055368648610376e-05,1.0116765132340177
2,65,prior,0.013467725138677174,0.0010548329219840498,1.0116765132340177
3,65,gender,-0.001527479081401091,0.0005213598644640877,1.0116765132340177
4,65,juvenilecrime,0.0193391099358873,0.0008410195508118906,1.0116765132340177
5,65,currentcharge,-0.0017704058682820178,0.00033490146188369733,1.0116765132340177
