,model_id,var_names,sage_value_unadjusted,sage_sd,perf_metric
0,69,age,0.0037797550737999463,0.0006923766257790804,1.0092857376380409
1,69,race,0.0027038600813744755,0.000476641575768788,1.0092857376380409
2,69,prior,0.01860463836880281,0.0010180263760883551,1.0092857376380409
3,69,gender,0.0008080395620009549,0.00044651008211223466,1.0092857376380409
4,69,juvenilecrime,0.019133531968212384,0.0008545067407086074,1.0092857376380409
5,69,currentcharge,-0.0014324609594248377,0.00022988478223564493,1.0092857376380409
