,model_id,var_names,sage_value_unadjusted,sage_sd,perf_metric
0,163,age,0.00041703753266283396,0.0009649159383512615,1.0443419558755156
1,163,race,-0.003595894279544739,0.0011044225866357754,1.0443419558755156
2,163,prior,0.009345719374839679,0.00045410571156364416,1.0443419558755156
3,163,gender,-0.025049914818498616,0.0019106369738142437,1.0443419558755156
4,163,juvenilecrime,0.013219333067273775,0.0006503211086753124,1.0443419558755156
5,163,currentcharge,1.581940220372937e-05,5.8142713885618405e-05,1.0443419558755156
