,model_id,var_names,sage_value_unadjusted,sage_sd,perf_metric
0,123,age,0.0021678377561809726,0.00018372356845175038,1.0382390303020737
1,123,race,-0.011419454252584,0.0012529341570176678,1.0382390303020737
2,123,prior,0.013833789523563672,0.0011353653571958041,1.0382390303020737
3,123,gender,-0.00549910795609389,0.0007311090422563268,1.0382390303020737
4,123,juvenilecrime,0.007997101826173096,0.00029341171325146363,1.0382390303020737
5,123,currentcharge,-0.002517493320501621,0.0005119598136683907,1.0382390303020737
