,model_id,var_names,sage_value_unadjusted,sage_sd,perf_metric
0,11,age,0.0016845087285191893,0.0005293586195446313,1.0429566988593837
1,11,race,-0.007569132281044737,0.0007110834385482604,1.0429566988593837
2,11,prior,0.010445654580603259,0.0010926621997469988,1.0429566988593837
3,11,gender,-0.0028184363269480248,0.00022349987613366027,1.0429566988593837
4,11,juvenilecrime,0.01443657201433476,0.00046744496943993275,1.0429566988593837
5,11,currentcharge,-0.0010491874456949883,0.0002306063567273514,1.0429566988593837
