,model_id,var_names,sage_value_unadjusted,sage_sd,perf_metric
0,150,age,0.0029638529063589552,0.0003628406928621407,1.02894231298046
1,150,race,-0.001736652056631858,0.00019849339936876955,1.02894231298046
2,150,prior,0.017113996414009573,0.0009998436876083928,1.02894231298046
3,150,gender,-0.004204277177564874,0.0010338579594265887,1.02894231298046
4,150,juvenilecrime,0.011627151885351513,0.0004285112404829871,1.02894231298046
5,150,currentcharge,0.0003223434280260626,0.00026094798864837593,1.02894231298046
