,model_id,var_names,sage_value_unadjusted,sage_sd,perf_metric
0,189,age,0.002550094216838851,0.0005367934591888275,1.0211702227433328
1,189,race,-0.013570356744926767,0.0014621126163174294,1.0211702227433328
2,189,prior,0.012718048447614759,0.00067283565251314,1.0211702227433328
3,189,gender,-0.0015178539189021044,0.0006658528257558908,1.0211702227433328
4,189,juvenilecrime,0.01571972808955539,0.0007851126692390361,1.0211702227433328
5,189,currentcharge,-0.0007258963364001532,0.0003081638914328819,1.0211702227433328
