,model_id,var_names,sage_value_unadjusted,sage_sd,perf_metric
0,26,age,0.0015178048210587659,0.0008844817159749475,1.0311146267265694
1,26,race,-0.00265362346364565,0.0009868068718581046,1.0311146267265694
2,26,prior,0.009978020333652284,0.000558914684967633,1.0311146267265694
3,26,gender,-0.01719486961476913,0.0015931250048339264,1.0311146267265694
4,26,juvenilecrime,0.014738840680732664,0.0006568389240358638,1.0311146267265694
5,26,currentcharge,0.0004077316171419084,0.00010766492546042079,1.0311146267265694
