,model_id,var_names,sage_value_unadjusted,sage_sd,perf_metric
0,242,age,0.001118995676468682,0.0014948537982968871,1.0329442332362204
1,242,race,0.0025008343606438294,0.0006464273968376791,1.0329442332362204
2,242,prior,0.019963993891346565,0.0016613281622409755,1.0329442332362204
3,242,gender,0.0019382882604011434,0.0008216369011939484,1.0329442332362204
4,242,juvenilecrime,0.024076723365436738,0.001789589363701508,1.0329442332362204
5,242,currentcharge,-0.011858651664435666,0.001530844345658127,1.0329442332362204
