,model_id,var_names,sage_value_unadjusted,sage_sd,perf_metric
0,125,age,0.0022958975056559224,0.0004541505454907456,1.0401125572076095
1,125,race,-0.019329688971095348,0.0017457480606275035,1.0401125572076095
2,125,prior,0.009358930093675657,0.00048694539971369364,1.0401125572076095
3,125,gender,-0.003383176107502217,0.000742380014867056,1.0401125572076095
4,125,juvenilecrime,0.01595945677668273,0.0007835453048349588,1.0401125572076095
5,125,currentcharge,1.6281722449166018e-05,0.0002818020952518155,1.0401125572076095
