,model_id,var_names,sage_value_unadjusted,sage_sd,perf_metric
0,57,age,0.0023399980706315434,0.0007472467566179463,1.0106480028794136
1,57,race,0.0023520358483206413,0.00046424367765876464,1.0106480028794136
2,57,prior,0.01826451923052671,0.001001805629767232,1.0106480028794136
3,57,gender,0.0010581256037930455,0.0004448667517775423,1.0106480028794136
4,57,juvenilecrime,0.018604478528306212,0.0008820373029157444,1.0106480028794136
5,57,currentcharge,-0.0015554884623511507,0.00027335094145582606,1.0106480028794136
