,model_id,var_names,sage_value_unadjusted,sage_sd,perf_metric
0,143,age,0.0019545729214433994,0.00023110367419204543,1.0400667345269503
1,143,race,0.00036031749208860356,0.0006063118703068203,1.0400667345269503
2,143,prior,0.011224929157418701,0.0014573682373201662,1.0400667345269503
3,143,gender,-0.029233165359501902,0.0020624613327864133,1.0400667345269503
4,143,juvenilecrime,0.012187092276412697,0.0005420945020041378,1.0400667345269503
5,143,currentcharge,-0.0013551237022984908,0.00045441356062119576,1.0400667345269503
