,model_id,var_names,sage_value_unadjusted,sage_sd,perf_metric
0,7,age,0.0021377139662784993,0.0004639119686575873,1.0100473021370497
1,7,race,-0.00010759765734017882,0.0003470192529269353,1.0100473021370497
2,7,prior,0.013205093786806489,0.0008205072854798015,1.0100473021370497
3,7,gender,-0.0032305764140284185,0.00041485141167437416,1.0100473021370497
4,7,juvenilecrime,0.011876664417833447,0.0003079265534971135,1.0100473021370497
5,7,currentcharge,-0.0029958213710593058,0.00031930091261958023,1.0100473021370497
