,model_id,var_names,sage_value_unadjusted,sage_sd,perf_metric
0,17,age,0.0005657136785123894,0.00045472129716621904,1.0411121142765547
1,17,race,-0.0008430842817077173,0.0002849537361903427,1.0411121142765547
2,17,prior,0.007606269745953179,0.0008203940071268721,1.0411121142765547
3,17,gender,-0.008930179205476634,0.0004735359568205256,1.0411121142765547
4,17,juvenilecrime,0.006763690984379771,0.00013310878308933724,1.0411121142765547
5,17,currentcharge,-0.007038876952654846,0.0003591480563296374,1.0411121142765547
