,model_id,var_names,sage_value_unadjusted,sage_sd,perf_metric
0,33,age,0.002971971455849947,0.00048315089910741223,1.0008020743597474
1,33,race,0.0008540852619099567,0.00047111520730844155,1.0008020743597474
2,33,prior,0.017745169167159507,0.0009130553960702352,1.0008020743597474
3,33,gender,5.319912293960047e-05,0.00022488316329655132,1.0008020743597474
4,33,juvenilecrime,0.018214833981981177,0.0006557721917860861,1.0008020743597474
5,33,currentcharge,-9.596465059670908e-05,0.00019436338147854878,1.0008020743597474
