,model_id,var_names,sage_value_unadjusted,sage_sd,perf_metric
0,40,age,0.0030268503383296353,0.0009625911323134296,1.0356280139515646
1,40,race,0.0008730247955828128,0.0001239932600170823,1.0356280139515646
2,40,prior,0.008231463313366738,0.00037644660772479156,1.0356280139515646
3,40,gender,0.0007201664325037735,0.00037335706946233096,1.0356280139515646
4,40,juvenilecrime,0.022591638853852687,0.0012585762185245407,1.0356280139515646
5,40,currentcharge,-0.002932559368485662,0.0003727484088286536,1.0356280139515646
