,model_id,var_names,sage_value_unadjusted,sage_sd,perf_metric
0,233,age,0.0025709668657679396,0.0006549295701145329,1.0185951826545616
1,233,race,-0.006227198292194878,0.0012572635764797556,1.0185951826545616
2,233,prior,0.012620709893922782,0.0009705737645410582,1.0185951826545616
3,233,gender,0.0004568414933651834,0.00030836970675608667,1.0185951826545616
4,233,juvenilecrime,0.01916016261482249,0.0011799669770140655,1.0185951826545616
5,233,currentcharge,-0.0014306076621107059,0.0003799272155803998,1.0185951826545616
