,model_id,var_names,sage_value_unadjusted,sage_sd,perf_metric
0,78,age,0.003065928481896444,0.0005754018294270871,1.005139336126384
1,78,race,0.00110918936312836,0.0006549112738256655,1.005139336126384
2,78,prior,0.01891930126798309,0.0013184267563387147,1.005139336126384
3,78,gender,-0.007454030861476991,0.0010425967265827812,1.005139336126384
4,78,juvenilecrime,0.015500247158999598,0.0007760307116242438,1.005139336126384
5,78,currentcharge,-0.00040746976245026496,0.0004177235688868642,1.005139336126384
