,model_id,var_names,sage_value_unadjusted,sage_sd,perf_metric
0,214,age,0.0030266951712876727,0.0007056239202913708,1.0051742350388952
1,214,race,-0.0011775798531358228,0.0009496752105330377,1.0051742350388952
2,214,prior,0.014878048366928989,0.0009239435861748308,1.0051742350388952
3,214,gender,-9.87861657803688e-05,0.0003411398922183034,1.0051742350388952
4,214,juvenilecrime,0.018439930667657145,0.001045817643265562,1.0051742350388952
5,214,currentcharge,-0.002744255376697242,0.0006817910768782161,1.0051742350388952
