,model_id,var_names,sage_value_unadjusted,sage_sd,perf_metric
0,102,age,0.002519606345618085,0.00038413031864436393,1.0036606086587339
1,102,race,-0.0012251461534365671,0.0005919027612481849,1.0036606086587339
2,102,prior,0.016140323731858364,0.0008666014745875917,1.0036606086587339
3,102,gender,0.0005371653631491064,0.00010809027670284823,1.0036606086587339
4,102,juvenilecrime,0.015823351118432926,0.0004937544299796402,1.0036606086587339
5,102,currentcharge,-0.00010454761484655736,0.00020783381598969412,1.0036606086587339
