,model_id,var_names,sage_value_unadjusted,sage_sd,perf_metric
0,140,age,0.001354207983546292,0.0006908437199568899,1.0208673677213964
1,140,race,-0.00715019233341014,0.0012191899471801694,1.0208673677213964
2,140,prior,0.009840873880049122,0.0005905629944793416,1.0208673677213964
3,140,gender,0.0005048617593503295,0.00018587931935639277,1.0208673677213964
4,140,juvenilecrime,0.017489707177485322,0.0012084064176550687,1.0208673677213964
5,140,currentcharge,-0.007142715970212798,0.0009621063810732522,1.0208673677213964
