,model_id,var_names,sage_value_unadjusted,sage_sd,perf_metric
0,167,age,-0.0016119187022379845,0.0010400106826024369,1.0320880265044365
1,167,race,-0.00020626980047278956,0.0005414624496591988,1.0320880265044365
2,167,prior,0.01881485937241409,0.0011206113855967545,1.0320880265044365
3,167,gender,0.0007256339431401755,0.00021513564502318033,1.0320880265044365
4,167,juvenilecrime,0.001713877232113803,4.245816606541289e-05,1.0320880265044365
5,167,currentcharge,-0.003658620286585851,0.00030606426715019497,1.0320880265044365
