,model_id,var_names,sage_value_unadjusted,sage_sd,perf_metric
0,162,age,0.0018734035147558133,0.0005810834137552839,1.0081571163589258
1,162,race,2.0266636050718505e-05,0.00045456535350078364,1.0081571163589258
2,162,prior,0.01116555762151544,0.001044202516404078,1.0081571163589258
3,162,gender,-0.0006067660593120767,0.0004078993392349047,1.0081571163589258
4,162,juvenilecrime,0.01319252309929624,0.00048524451179255193,1.0081571163589258
5,162,currentcharge,-0.0076935034054200074,0.0006686818651943273,1.0081571163589258
