,model_id,var_names,sage_value_unadjusted,sage_sd,perf_metric
0,101,age,0.0010083998032979868,0.000383330366025409,1.0209302530077824
1,101,race,-0.0019194784510873288,0.00029663435595424226,1.0209302530077824
2,101,prior,0.00757930198293534,0.0007705029042211206,1.0209302530077824
3,101,gender,-0.0035405372540989392,0.0002886604286671295,1.0209302530077824
4,101,juvenilecrime,0.01085328446468306,0.0001962185074032809,1.0209302530077824
5,101,currentcharge,-0.0045719511369567475,0.00024688595813589947,1.0209302530077824
