,model_id,var_names,sage_value_unadjusted,sage_sd,perf_metric
0,188,age,0.0012858444585241748,0.0009348306133902938,1.0484298426830965
1,188,race,-0.003184026471714597,0.0011117156909406412,1.0484298426830965
2,188,prior,0.008638217986071341,0.00040728241251453715,1.0484298426830965
3,188,gender,-0.025354735359357016,0.001958443588969549,1.0484298426830965
4,188,juvenilecrime,0.013948560829846208,0.0006198562157265081,1.0484298426830965
5,188,currentcharge,0.00010481821583122998,4.21685152621603e-05,1.0484298426830965
