,model_id,var_names,sage_value_unadjusted,sage_sd,perf_metric
0,2,age,0.002925095649442729,0.0004528743113649821,1.0187101703605783
1,2,race,-0.00025168892266921373,2.9659316899722096e-05,1.0187101703605783
2,2,prior,0.016946483733435536,0.001077632634731462,1.0187101703605783
3,2,gender,-0.004685426221021734,0.000952979359941507,1.0187101703605783
4,2,juvenilecrime,0.012823504460356277,0.0005278716799758144,1.0187101703605783
5,2,currentcharge,0.00016684923352236329,0.0002954874038604704,1.0187101703605783
