,model_id,var_names,sage_value_unadjusted,sage_sd,perf_metric
0,124,age,0.003965214233464805,0.0008401239273878802,1.0222137036105952
1,124,race,-0.0026340633300687296,0.0009070838181030521,1.0222137036105952
2,124,prior,0.01257068087308507,0.0006374160704887343,1.0222137036105952
3,124,gender,-0.012460311966779478,0.0013767007403756978,1.0222137036105952
4,124,juvenilecrime,0.015207025819120926,0.000669366633790082,1.0222137036105952
5,124,currentcharge,0.00011356377373868262,0.0001456981816048401,1.0222137036105952
