,model_id,var_names,sage_value_unadjusted,sage_sd,perf_metric
0,131,age,0.0022733028612026813,0.00022857895538297527,1.0345282862231928
1,131,race,-0.0134388513061401,0.001363400158510122,1.0345282862231928
2,131,prior,0.013899335183403484,0.0012707276370965562,1.0345282862231928
3,131,gender,-0.003827928589732361,0.0007991021588364888,1.0345282862231928
4,131,juvenilecrime,0.008788978927111345,0.0003511119583607868,1.0345282862231928
5,131,currentcharge,-0.002002231572437835,0.000566718964684183,1.0345282862231928
