,model_id,var_names,sage_value_unadjusted,sage_sd,perf_metric
0,39,age,0.00038737920301424027,0.0007830636701052138,1.0105371924376854
1,39,race,0.0008385788500154499,0.0004989375521149786,1.0105371924376854
2,39,prior,0.019588053642099725,0.0009940226689953541,1.0105371924376854
3,39,gender,0.0005690877656643706,0.00026223253706494844,1.0105371924376854
4,39,juvenilecrime,0.010257191562395764,0.0002757234562789606,1.0105371924376854
5,39,currentcharge,-0.0003073490197011848,6.285323162989685e-05,1.0105371924376854
