,model_id,var_names,sage_value_unadjusted,sage_sd,perf_metric
0,152,age,0.0022535438533401557,0.0002818575497516889,1.0363870854572854
1,152,race,-0.004351615687260807,0.0003673065380707231,1.0363870854572854
2,152,prior,0.01537684712785995,0.0014041557185045682,1.0363870854572854
3,152,gender,-0.002722248563717993,0.0007833140216087006,1.0363870854572854
4,152,juvenilecrime,0.023936520609252488,0.0012399508494297883,1.0363870854572854
5,152,currentcharge,-0.0016170918511247618,0.0004563363341930585,1.0363870854572854
