,model_id,var_names,sage_value_unadjusted,sage_sd,perf_metric
0,114,age,0.0024346125411631382,0.0005205823886363963,1.007386618349333
1,114,race,0.0009241226482128157,0.0004069106856329252,1.007386618349333
2,114,prior,0.015755311007619968,0.0009338077711012561,1.007386618349333
3,114,gender,-0.002933866476446269,0.0004582913466079123,1.007386618349333
4,114,juvenilecrime,0.01316072676481527,0.0003834726338854315,1.007386618349333
5,114,currentcharge,-0.0017965444221816908,0.0003554625445491997,1.007386618349333
