,model_id,var_names,sage_value_unadjusted,sage_sd,perf_metric
0,206,age,0.0035276432151926215,0.000338193356965939,1.0315122935535759
1,206,race,-0.002739767992440208,0.00023303326377134459,1.0315122935535759
2,206,prior,0.016610418579681797,0.0009756095360851135,1.0315122935535759
3,206,gender,-0.004393645338862518,0.0010415503780595678,1.0315122935535759
4,206,juvenilecrime,0.011102444302124136,0.0004063993579966246,1.0315122935535759
5,206,currentcharge,0.0002967936057690862,0.0002516271099056939,1.0315122935535759
