,model_id,var_names,sage_value_unadjusted,sage_sd,perf_metric
0,90,age,0.002880175094579797,0.00046960874634076403,1.0115363371017023
1,90,race,-0.0004163321401224795,0.0006276590511548765,1.0115363371017023
2,90,prior,0.015281257126807113,0.0013317339145242147,1.0115363371017023
3,90,gender,-0.011697344946426907,0.0012812739375635013,1.0115363371017023
4,90,juvenilecrime,0.014320264387603183,0.0006831184785720877,1.0115363371017023
5,90,currentcharge,-0.0013607371494274432,0.0004186033410961167,1.0115363371017023
