,model_id,var_names,sage_value_unadjusted,sage_sd,perf_metric
0,47,age,0.003183680691508471,0.000569532976667441,1.0058993999209087
1,47,race,-0.003260840673155148,0.0010013198320442005,1.0058993999209087
2,47,prior,0.014949822310608402,0.0008416269351884738,1.0058993999209087
3,47,gender,-0.0011357628029240504,0.0005271193410231492,1.0058993999209087
4,47,juvenilecrime,0.017053822746633533,0.0007538065662906425,1.0058993999209087
5,47,currentcharge,-0.000628341285954568,0.00031493451124418257,1.0058993999209087
