,model_id,var_names,sage_value_unadjusted,sage_sd,perf_metric
0,22,age,0.0036911528774509652,0.00046989711424273907,1.0133252366290257
1,22,race,0.0007560373739662659,7.457321550560924e-05,1.0133252366290257
2,22,prior,0.018109993757977443,0.00100536892724065,1.0133252366290257
3,22,gender,-0.0020438168501619018,0.0007918280722790367,1.0133252366290257
4,22,juvenilecrime,0.014533445353141286,0.0005429386803730272,1.0133252366290257
5,22,currentcharge,0.00026146975267580044,0.00028331348184416915,1.0133252366290257
