,model_id,var_names,sage_value_unadjusted,sage_sd,perf_metric
0,182,age,0.001238627126409709,0.00040299691357442534,1.0112137811424688
1,182,race,-0.0012641811047175396,0.0003188834717249268,1.0112137811424688
2,182,prior,0.008556979707852514,0.0007748002797703765,1.0112137811424688
3,182,gender,-0.001956055281260606,0.00029276891765743474,1.0112137811424688
4,182,juvenilecrime,0.012144687207662756,0.0002580783910791548,1.0112137811424688
5,182,currentcharge,-0.0033770892310445878,0.0002476898452603829,1.0112137811424688
