,model_id,var_names,sage_value_unadjusted,sage_sd,perf_metric
0,191,age,0.0016399948470090084,0.0008094212592803494,1.0073903483292688
1,191,race,0.0013351003168950457,0.00047852896085048304,1.0073903483292688
2,191,prior,0.013437768661075085,0.0008672353075236612,1.0073903483292688
3,191,gender,-0.0002487088880146442,0.0005580185174135284,1.0073903483292688
4,191,juvenilecrime,0.018661646832619075,0.0012061419759672798,1.0073903483292688
5,191,currentcharge,-0.005727773850996589,0.0009276605676536899,1.0073903483292688
