,model_id,var_names,sage_value_unadjusted,sage_sd,perf_metric
0,83,age,0.0016801123892309477,0.001055664025181102,1.0315522401834478
1,83,race,0.0011841762644441186,0.0002658469157329747,1.0315522401834478
2,83,prior,0.006561813883513273,0.0004344856778218352,1.0315522401834478
3,83,gender,-3.8466187757631756e-05,0.0007307242966237314,1.0315522401834478
4,83,juvenilecrime,0.022253322134339403,0.001848934814316745,1.0315522401834478
5,83,currentcharge,-0.01588587760591733,0.001866020174994619,1.0315522401834478
