,model_id,var_names,sage_value_unadjusted,sage_sd,perf_metric
0,172,age,0.0032563988159666876,0.0004239205449735209,1.0106744604967062
1,172,race,0.0010279395426545607,0.00011623086694398686,1.0106744604967062
2,172,prior,0.016409044985388494,0.000905345438483547,1.0106744604967062
3,172,gender,-0.001770366963793188,0.0006785801770008494,1.0106744604967062
4,172,juvenilecrime,0.014218966567373703,0.0004987312962208343,1.0106744604967062
5,172,currentcharge,-6.568253233827612e-05,0.00025797632298053434,1.0106744604967062
