,model_id,var_names,sage_value_unadjusted,sage_sd,perf_metric
0,223,age,0.0012642025632795457,0.0006831659500401592,1.0303059072898104
1,223,race,-0.00931283527823329,0.0013981440303789284,1.0303059072898104
2,223,prior,0.009266828280137052,0.0004825787334592682,1.0303059072898104
3,223,gender,0.0003765556949787534,0.0001300266271794668,1.0303059072898104
4,223,juvenilecrime,0.018022203985264284,0.0013463518141054404,1.0303059072898104
5,223,currentcharge,-0.010165499607354212,0.0011352029742834144,1.0303059072898104
