,model_id,var_names,sage_value_unadjusted,sage_sd,perf_metric
0,21,age,0.001598190351349364,0.0004559893414014844,1.0080411142273304
1,21,race,-0.0014074473814142654,0.0005147236558309548,1.0080411142273304
2,21,prior,0.015307230379990728,0.0008594077535481236,1.0080411142273304
3,21,gender,0.00028717056491532356,6.326959461925221e-05,1.0080411142273304
4,21,juvenilecrime,0.015789944783502832,0.0004763068551979826,1.0080411142273304
5,21,currentcharge,-0.0007381867145845513,0.00022318442272189974,1.0080411142273304
