,model_id,var_names,sage_value_unadjusted,sage_sd,perf_metric
0,19,age,0.0002324784589664827,0.0010777453454220954,1.0433275153887294
1,19,race,0.00038111031320990646,5.955467243009587e-05,1.0433275153887294
2,19,prior,0.006020185793583002,0.000279267317255534,1.0433275153887294
3,19,gender,0.0008264820546812542,0.00035887063079399593,1.0433275153887294
4,19,juvenilecrime,0.02332453600380706,0.0013376262427484257,1.0433275153887294
5,19,currentcharge,-0.003467478710493143,0.000465213315064821,1.0433275153887294
