,model_id,var_names,sage_value_unadjusted,sage_sd,perf_metric
0,221,age,0.0006102175088442903,0.0003703211553092678,1.0227590177082082
1,221,race,-0.0019588132417399534,0.0002822977419743369,1.0227590177082082
2,221,prior,0.006940651629699772,0.0007419917446618078,1.0227590177082082
3,221,gender,-0.0033233645309378194,0.0002771609506581367,1.0227590177082082
4,221,juvenilecrime,0.010603273847189556,0.00018208076873895654,1.0227590177082082
5,221,currentcharge,-0.004242303966369442,0.00023738320188985463,1.0227590177082082
