,model_id,var_names,sage_value_unadjusted,sage_sd,perf_metric
0,10,age,0.0014498326389948484,0.0007693536773627832,1.0164965743486292
1,10,race,-0.005908043246532132,0.0012912293270700473,1.0164965743486292
2,10,prior,0.011605786299978181,0.0007420649027497342,1.0164965743486292
3,10,gender,0.0009233939688129216,0.00024169250917394777,1.0164965743486292
4,10,juvenilecrime,0.01891352193481811,0.001305603720715886,1.0164965743486292
5,10,currentcharge,-0.007507122706437734,0.0010132828531493187,1.0164965743486292
