,model_id,var_names,sage_value_unadjusted,sage_sd,perf_metric
0,183,age,-0.0009871966982976297,0.001066517016734232,1.0418400234789758
1,183,race,0.0005627856806445612,7.074182740057101e-05,1.0418400234789758
2,183,prior,0.007104347428834367,0.00029335932856056816,1.0418400234789758
3,183,gender,0.0014597411672050528,0.000354838126331067,1.0418400234789758
4,183,juvenilecrime,0.022458082312296932,0.0012935717433548157,1.0418400234789758
5,183,currentcharge,-0.0037997189097432396,0.00044079171422569996,1.0418400234789758
