,model_id,var_names,sage_value_unadjusted,sage_sd,perf_metric
0,146,age,0.0014566337363788038,0.000670219077338312,1.012212429744608
1,146,race,-0.0046341022867917355,0.0011221929871493394,1.012212429744608
2,146,prior,0.014436230742784202,0.0009904206216806031,1.012212429744608
3,146,gender,-4.29633868846306e-05,0.0003315127334644701,1.012212429744608
4,146,juvenilecrime,0.018065651701167897,0.001112823512617118,1.012212429744608
5,146,currentcharge,-0.0012046393567508007,0.00037029290683302115,1.012212429744608
