,model_id,var_names,sage_value_unadjusted,sage_sd,perf_metric
0,4,age,0.0025968445184800823,0.000965359292449256,1.0438194597079193
1,4,race,-0.0033455427101933503,0.0011439775474879645,1.0438194597079193
2,4,prior,0.008479746487676115,0.00047862274982495153,1.0438194597079193
3,4,gender,-0.02576332036561308,0.001963845096546917,1.0438194597079193
4,4,juvenilecrime,0.013650944665065206,0.0006813178376084304,1.0438194597079193
5,4,currentcharge,0.00011061651010189897,6.243422042275353e-05,1.0438194597079193
