,model_id,var_names,sage_value_unadjusted,sage_sd,perf_metric
0,34,age,0.0031496416931443977,0.00035014089983910365,1.0051198357662887
1,34,race,-0.0011935719571599648,0.0006400158212912565,1.0051198357662887
2,34,prior,0.01551507752658044,0.0008412234675521813,1.0051198357662887
3,34,gender,-0.001495630123427022,0.0004153650451482052,1.0051198357662887
4,34,juvenilecrime,0.014352105098182254,0.0004412278895928168,1.0051198357662887
5,34,currentcharge,-0.0013263282530689255,0.000311671111044356,1.0051198357662887
