,model_id,var_names,sage_value_unadjusted,sage_sd,perf_metric
0,198,age,0.001823401801264916,0.000782810985614246,1.0183531437588669
1,198,race,-0.00030577580031482287,0.0005647124996627208,1.0183531437588669
2,198,prior,0.009594399422804462,0.0014131540625908652,1.0183531437588669
3,198,gender,-0.001672363888866379,0.0005498570651517281,1.0183531437588669
4,198,juvenilecrime,0.013067740328802207,0.0005415510151679762,1.0183531437588669
5,198,currentcharge,-0.015272804128667284,0.0010872522140696825,1.0183531437588669
