,model_id,var_names,sage_value_unadjusted,sage_sd,perf_metric
0,92,age,0.001882831978834318,0.0008166101159842816,1.0333657133618852
1,92,race,-0.015764602643924118,0.0016848339188027272,1.0333657133618852
2,92,prior,0.012994236278679664,0.0010343994008943783,1.0333657133618852
3,92,gender,0.0004407663533784613,0.00029469874368565476,1.0333657133618852
4,92,juvenilecrime,0.018254284129254502,0.0015173416333582944,1.0333657133618852
5,92,currentcharge,-0.0009905714763425574,0.00043698555708707523,1.0333657133618852
