,model_id,var_names,sage_value_unadjusted,sage_sd,perf_metric
0,95,age,0.002888605751657336,0.00044832643134694615,1.0180923701911437
1,95,race,-0.0027273100335017237,0.0005490114637359219,1.0180923701911437
2,95,prior,0.014632751435429709,0.0008834775559869778,1.0180923701911437
3,95,gender,-0.0003318352511830504,4.0945060418967235e-05,1.0180923701911437
4,95,juvenilecrime,0.01501821168502629,0.00044060257030313437,1.0180923701911437
5,95,currentcharge,-0.001012966107115316,0.00021100255522782526,1.0180923701911437
