,model_id,var_names,sage_value_unadjusted,sage_sd,perf_metric
0,89,age,0.0017113003900090787,0.0006321147491597419,1.0114885306350236
1,89,race,0.00013993943664726002,0.0004818317937070367,1.0114885306350236
2,89,prior,0.012910391456850235,0.0011380569426122705,1.0114885306350236
3,89,gender,-0.0010852357674995662,0.00044273271866793656,1.0114885306350236
4,89,juvenilecrime,0.013581489684792596,0.0004930296573024056,1.0114885306350236
5,89,currentcharge,-0.009191229820938554,0.000785380300087179,1.0114885306350236
