,model_id,var_names,sage_value_unadjusted,sage_sd,perf_metric
0,93,age,-0.0018322630408780989,0.0011478151560578246,1.0321965142604963
1,93,race,0.0006513290123870448,0.0005988478714451861,1.0321965142604963
2,93,prior,0.02104390274137206,0.001239513561475054,1.0321965142604963
3,93,gender,0.0009725367025096086,0.00023825116487261464,1.0321965142604963
4,93,juvenilecrime,0.0017279332650377774,4.593127998163061e-05,1.0321965142604963
5,93,currentcharge,-0.003823232814933712,0.0003401365251490781,1.0321965142604963
