,model_id,var_names,sage_value_unadjusted,sage_sd,perf_metric
0,117,age,0.001971115374930605,0.0007278807667070529,1.0101748669438229
1,117,race,-0.0033270258534562136,0.0011374600334171346,1.0101748669438229
2,117,prior,0.012541124647006692,0.0008553647215548062,1.0101748669438229
3,117,gender,0.000700819221838397,0.0002979665514790571,1.0101748669438229
4,117,juvenilecrime,0.01964455052151386,0.0011808713502246345,1.0101748669438229
5,117,currentcharge,-0.004098416683071711,0.0008545712821246097,1.0101748669438229
