,model_id,var_names,sage_value_unadjusted,sage_sd,perf_metric
0,119,age,0.002760734745256822,0.0003939542597084088,1.0349615759395372
1,119,race,-0.003386660328241831,0.0003167687055048038,1.0349615759395372
2,119,prior,0.017563821483183084,0.001085944881707881,1.0349615759395372
3,119,gender,-0.006810074804354669,0.0011943056585815833,1.0349615759395372
4,119,juvenilecrime,0.01112018846122527,0.00043722246006250976,1.0349615759395372
5,119,currentcharge,5.255000775690577e-06,0.0002769045653117746,1.0349615759395372
