,model_id,var_names,sage_value_unadjusted,sage_sd,perf_metric
0,18,age,0.0022183728862126724,0.00023642068361633966,1.0480484887614017
1,18,race,-0.014340122894094939,0.001406361414654476,1.0480484887614017
2,18,prior,0.014954161626261335,0.0014601922127288694,1.0480484887614017
3,18,gender,-0.006624875034727645,0.0005443429313493179,1.0480484887614017
4,18,juvenilecrime,0.012668889716338927,0.0004753332304585527,1.0480484887614017
5,18,currentcharge,-5.425103688924061e-05,0.0001477580461747239,1.0480484887614017
