,model_id,var_names,sage_value_unadjusted,sage_sd,perf_metric
0,139,age,0.003362905276124562,0.00028305440503458663,1.0280482103900166
1,139,race,-0.0073382940450554155,0.0010175393177553195,1.0280482103900166
2,139,prior,0.015609352923881756,0.001147126274376954,1.0280482103900166
3,139,gender,-0.002649297580077329,0.0002706635238349763,1.0280482103900166
4,139,juvenilecrime,0.014206386682524268,0.0004586260461364705,1.0280482103900166
5,139,currentcharge,-0.00011626740522254023,0.00016016126326594398,1.0280482103900166
