,model_id,var_names,sage_value_unadjusted,sage_sd,perf_metric
0,230,age,0.004016593013786976,0.0009979043888515868,1.048905689812321
1,230,race,-0.004736940054658904,0.0011695685423358793,1.048905689812321
2,230,prior,0.007328563136669203,0.0004315636650706377,1.048905689812321
3,230,gender,-0.02857056223599079,0.002079598875026907,1.048905689812321
4,230,juvenilecrime,0.013587485067189363,0.0006647744421158204,1.048905689812321
5,230,currentcharge,0.00011359452038206168,4.2543185735628343e-05,1.048905689812321
