,model_id,var_names,sage_value_unadjusted,sage_sd,perf_metric
0,107,age,0.0021133012255557136,0.000216662458163234,1.0444708254661974
1,107,race,0.00017686632813702197,0.000616906247935053,1.0444708254661974
2,107,prior,0.01243271062953144,0.001493125084060196,1.0444708254661974
3,107,gender,-0.031942501663977954,0.0022151454644585584,1.0444708254661974
4,107,juvenilecrime,0.011091905995539013,0.0005521959851107793,1.0444708254661974
5,107,currentcharge,-0.0009190718104310214,0.0004667040099861331,1.0444708254661974
