,model_id,var_names,sage_value_unadjusted,sage_sd,perf_metric
0,35,age,0.0010430042462757755,0.0008620694297276665,1.0135391049453597
1,35,race,-0.00022060919227812374,0.0008813467350294291,1.0135391049453597
2,35,prior,0.015728915152719698,0.0007882458253904005,1.0135391049453597
3,35,gender,-0.009152784761466675,0.0012226398528023753,1.0135391049453597
4,35,juvenilecrime,0.013862402049365948,0.0007420144944248309,1.0135391049453597
5,35,currentcharge,0.0006709918047995642,0.00020195068009566574,1.0135391049453597
