,model_id,var_names,sage_value_unadjusted,sage_sd,perf_metric
0,111,age,-0.00020439239658768616,0.0006661567666715917,1.03141082998268
1,111,race,-0.01366178507085762,0.0014609871590673458,1.03141082998268
2,111,prior,0.012975175282325838,0.0009202223667905073,1.03141082998268
3,111,gender,0.00044177363778211414,0.0002655048566682754,1.03141082998268
4,111,juvenilecrime,0.015836509234605695,0.0013118949696009226,1.03141082998268
5,111,currentcharge,-0.0009506889812998482,0.00038540383230657325,1.03141082998268
