,model_id,var_names,sage_value_unadjusted,sage_sd,perf_metric
0,205,age,0.0004130565840822874,0.0003636144275020975,1.0341519958682857
1,205,race,-0.0026861021494278417,0.00027268255877258766,1.0341519958682857
2,205,prior,0.0003457544245662049,0.0007553865733454962,1.0341519958682857
3,205,gender,-0.004997576582090326,0.0002802107072452965,1.0341519958682857
4,205,juvenilecrime,0.00922897823962995,0.00014414232939588957,1.0341519958682857
5,205,currentcharge,-0.005883725947439271,0.00024165649322327562,1.0341519958682857
