,model_id,var_names,sage_value_unadjusted,sage_sd,perf_metric
0,202,age,0.002295114246239923,0.0008629147114169575,1.0123263896500443
1,202,race,0.0018423205931726039,0.00042860110977295475,1.0123263896500443
2,202,prior,0.013064457010734267,0.0007583527905355839,1.0123263896500443
3,202,gender,-0.0005121680458547288,0.0006053654387251215,1.0123263896500443
4,202,juvenilecrime,0.021406260088819844,0.0013499891449981795,1.0123263896500443
5,202,currentcharge,-0.005654091772248177,0.0011423584356479554,1.0123263896500443
