,model_id,var_names,sage_value_unadjusted,sage_sd,perf_metric
0,187,age,0.0027632693874509173,0.0006070042972585512,1.022205889107865
1,187,race,-9.720597398944554e-05,9.938630530997091e-06,1.022205889107865
2,187,prior,0.016834251944162697,0.0008612864485238406,1.022205889107865
3,187,gender,-0.0004709521301087714,5.985950722868432e-05,1.022205889107865
4,187,juvenilecrime,0.01702872600166331,0.0006582322819229843,1.022205889107865
5,187,currentcharge,0.00043612244727242444,0.00039212204940176443,1.022205889107865
