,model_id,var_names,sage_value_unadjusted,sage_sd,perf_metric
0,238,age,0.0020019885358406636,0.0005163612601369096,1.003180448742032
1,238,race,6.120090308155374e-05,0.0004505950397128121,1.003180448742032
2,238,prior,0.013944279406840964,0.0009571482820610282,1.003180448742032
3,238,gender,-0.0011563291142874226,0.00037430903565916987,1.003180448742032
4,238,juvenilecrime,0.014984493489923022,0.0005185801755280985,1.003180448742032
5,238,currentcharge,-0.004242266429190854,0.000511061032201978,1.003180448742032
