,model_id,var_names,sage_value_unadjusted,sage_sd,perf_metric
0,55,age,0.0023852500591253155,0.0003136843181117899,1.034558185699324
1,55,race,-3.990149614590027e-05,0.0006731346579217181,1.034558185699324
2,55,prior,0.01658483247611095,0.001566889228142313,1.034558185699324
3,55,gender,-0.02736942926546351,0.0021191821352444136,1.034558185699324
4,55,juvenilecrime,0.01200914647549978,0.0006345254569766435,1.034558185699324
5,55,currentcharge,-0.0014541704284991566,0.0004955888319274174,1.034558185699324
