,model_id,var_names,sage_value_unadjusted,sage_sd,perf_metric
0,42,age,0.0032500017216752675,0.0004830411933131874,1.022194485057384
1,42,race,-0.0007736215770503663,0.00010795666319607847,1.022194485057384
2,42,prior,0.02026164095079018,0.0012100194951978388,1.022194485057384
3,42,gender,-0.003981167173604998,0.0011487544461385448,1.022194485057384
4,42,juvenilecrime,0.01256361290570097,0.000583863216861065,1.022194485057384
5,42,currentcharge,0.0003901635537509618,0.0003299446515345867,1.022194485057384
